description,experiment,shock,treatment,cultivation_day,person,cultivation,cultivation_media,bile_acids,CFU
temperature&wash&cultivation1daysOnSolidMedia,3,Heat_shock,cult_T30,1,UM,cultivationSolid,solid,no,3
temperature&wash&cultivation1daysOnSolidMedia,3,Heat_shock,cult_T30,1,UM,cultivationSolid,solid,yes,300
temperature&wash&cultivation1daysOnSolidMedia,3,Heat_shock,cult_T30,1,TZ,cultivationSolid,solid,yes,90
temperature&wash&cultivation1daysOnSolidMedia,3,Heat_shock,cult_T30,1,TZ,cultivationSolid,solid,no,1
temperature&wash&cultivation1daysOnSolidMedia,3,Heat_shock,cult_T60,1,UM,cultivationSolid,solid,no,300
temperature&wash&cultivation1daysOnSolidMedia,3,Heat_shock,cult_T60,1,UM,cultivationSolid,solid,yes,300
temperature&wash&cultivation1daysOnSolidMedia,3,Heat_shock,cult_T60,1,TZ,cultivationSolid,solid,no,1
temperature&wash&cultivation1daysOnSolidMedia,3,Heat_shock,cult_T60,1,TZ,cultivationSolid,solid,yes,57
ethanol&wash&cultivation1daysOnSolidMedia,3,Ethanol_shock,cult_100,1,UM,cultivationSolid,solid,no,215
ethanol&wash&cultivation1daysOnSolidMedia,3,Ethanol_shock,cult_100,1,UM,cultivationSolid,solid,yes,300
ethanol&wash&cultivation1daysOnSolidMedia,3,Ethanol_shock,cult_100,1,TZ,cultivationSolid,solid,no,6
ethanol&wash&cultivation1daysOnSolidMedia,3,Ethanol_shock,cult_100,1,TZ,cultivationSolid,solid,yes,64
ethanol&wash&cultivation1daysOnSolidMedia,3,Ethanol_shock,cult_70,1,UM,cultivationSolid,solid,no,128
ethanol&wash&cultivation1daysOnSolidMedia,3,Ethanol_shock,cult_70,1,UM,cultivationSolid,solid,yes,300
temperature&wash&cultivation2daysInLiquidMedia,3,Heat_shock,cult_T30,1,UM,cultivationLiquid,liquid,no,300
temperature&wash&cultivation2daysInLiquidMedia,3,Heat_shock,cult_T30,1,UM,cultivationLiquid,liquid,yes,0
temperature&wash&cultivation2daysInLiquidMedia,3,Heat_shock,cult_T30,1,TZ,cultivationLiquid,liquid,no,300
temperature&wash&cultivation2daysInLiquidMedia,3,Heat_shock,cult_T30,1,TZ,cultivationLiquid,liquid,yes,0
temperature&wash&cultivation2daysInLiquidMedia,3,Heat_shock,cult_T60,1,TZ,cultivationLiquid,liquid,no,300
temperature&wash&cultivation2daysInLiquidMedia,3,Heat_shock,cult_T60,1,TZ,cultivationLiquid,liquid,yes,0
temperature&wash&cultivation2daysInLiquidMedia,3,Heat_shock,cult_T60,1,UM,cultivationLiquid,liquid,no,300
temperature&wash&cultivation2daysInLiquidMedia,3,Heat_shock,cult_T60,1,UM,cultivationLiquid,liquid,yes,1
ethanol&wash&cultivation2daysInLiquidMedia,3,Ethanol_shock,cult_100,1,UM,cultivationLiquid,liquid,no,300
ethanol&wash&cultivation2daysInLiquidMedia,3,Ethanol_shock,cult_100,1,UM,cultivationLiquid,liquid,yes,12
ethanol&wash&cultivation2daysInLiquidMedia,3,Ethanol_shock,cult_100,1,TZ,cultivationLiquid,liquid,yes,0
ethanol&wash&cultivation2daysInLiquidMedia,3,Ethanol_shock,cult_100,1,TZ,cultivationLiquid,liquid,no,1
ethanol&wash&cultivation2daysInLiquidMedia,3,Ethanol_shock,cult_70,1,UM,cultivationLiquid,liquid,no,300
ethanol&wash&cultivation2daysInLiquidMedia,3,Ethanol_shock,cult_70,1,UM,cultivationLiquid,liquid,yes,300
temperature&wash&cultivation2daysOnSolidMedia,3,Heat_shock,cult_T30,2,UM,cultivationSolid,solid,no,110
temperature&wash&cultivation2daysOnSolidMedia,3,Heat_shock,cult_T30,2,UM,cultivationSolid,solid,yes,300
temperature&wash&cultivation2daysOnSolidMedia,3,Heat_shock,cult_T30,2,TZ,cultivationSolid,solid,no,46
temperature&wash&cultivation2daysOnSolidMedia,3,Heat_shock,cult_T30,2,TZ,cultivationSolid,solid,yes,193
temperature&wash&cultivation2daysOnSolidMedia,3,Heat_shock,cult_T60,2,TZ,cultivationSolid,solid,no,73
temperature&wash&cultivation2daysOnSolidMedia,3,Heat_shock,cult_T60,2,TZ,cultivationSolid,solid,yes,135
temperature&wash&cultivation2daysOnSolidMedia,3,Heat_shock,cult_T60,2,UM,cultivationSolid,solid,yes,300
temperature&wash&cultivation2daysOnSolidMedia,3,Heat_shock,cult_T60,2,UM,cultivationSolid,solid,no,285
ethanol&wash&cultivation2daysOnSolidMedia,3,Ethanol_shock,cult_100,2,UM,cultivationSolid,solid,no,144
ethanol&wash&cultivation2daysOnSolidMedia,3,Ethanol_shock,cult_100,2,UM,cultivationSolid,solid,yes,300
ethanol&wash&cultivation2daysOnSolidMedia,3,Ethanol_shock,cult_100,2,TZ,cultivationSolid,solid,no,67
ethanol&wash&cultivation2daysOnSolidMedia,3,Ethanol_shock,cult_100,2,TZ,cultivationSolid,solid,yes,300
ethanol&wash&cultivation2daysOnSolidMedia,3,Ethanol_shock,cult_70,2,UM,cultivationSolid,solid,no,12
ethanol&wash&cultivation2daysOnSolidMedia,3,Ethanol_shock,cult_70,2,UM,cultivationSolid,solid,yes,300
temperature&wash&cultivation5daysOnSolidMedia,3,Heat_shock,cult_T30,5,UM,cultivationSolid,solid,no,218
temperature&wash&cultivation5daysOnSolidMedia,3,Heat_shock,cult_T30,5,UM,cultivationSolid,solid,yes,300
temperature&wash&cultivation5daysOnSolidMedia,3,Heat_shock,cult_T30,5,TZ,cultivationSolid,solid,no,300
temperature&wash&cultivation5daysOnSolidMedia,3,Heat_shock,cult_T30,5,TZ,cultivationSolid,solid,yes,204
temperature&wash&cultivation5daysOnSolidMedia,3,Heat_shock,cult_T60,5,UM,cultivationSolid,solid,no,216
temperature&wash&cultivation5daysOnSolidMedia,3,Heat_shock,cult_T60,5,UM,cultivationSolid,solid,yes,300
temperature&wash&cultivation5daysOnSolidMedia,3,Heat_shock,cult_T60,5,TZ,cultivationSolid,solid,no,252
temperature&wash&cultivation5daysOnSolidMedia,3,Heat_shock,cult_T60,5,TZ,cultivationSolid,solid,yes,
ethanol&wash&cultivation5daysOnSolidMedia,3,Ethanol_shock,cult_100,5,UM,cultivationSolid,solid,no,300
ethanol&wash&cultivation5daysOnSolidMedia,3,Ethanol_shock,cult_100,5,UM,cultivationSolid,solid,yes,300
ethanol&wash&cultivation5daysOnSolidMedia,3,Ethanol_shock,cult_100,5,TZ,cultivationSolid,solid,no,168
ethanol&wash&cultivation5daysOnSolidMedia,3,Ethanol_shock,cult_100,5,TZ,cultivationSolid,solid,yes,300
ethanol&wash&cultivation5daysOnSolidMedia,3,Ethanol_shock,cult_70,5,UM,cultivationSolid,solid,no,278
ethanol&wash&cultivation5daysOnSolidMedia,3,Ethanol_shock,cult_70,5,UM,cultivationSolid,solid,yes,300
temperature&wash&cultivation5daysInLiquidMedia,3,Heat_shock,cult_T30,5,UM,cultivationLiquid,liquid,no,300
temperature&wash&cultivation5daysInLiquidMedia,3,Heat_shock,cult_T30,5,UM,cultivationLiquid,liquid,yes,1
temperature&wash&cultivation5daysInLiquidMedia,3,Heat_shock,cult_T30,5,TZ,cultivationLiquid,liquid,no,0
temperature&wash&cultivation5daysInLiquidMedia,3,Heat_shock,cult_T30,5,TZ,cultivationLiquid,liquid,yes,0
temperature&wash&cultivation5daysInLiquidMedia,3,Heat_shock,cult_T60,5,TZ,cultivationLiquid,liquid,no,1
temperature&wash&cultivation5daysInLiquidMedia,3,Heat_shock,cult_T60,5,TZ,cultivationLiquid,liquid,yes,0
temperature&wash&cultivation5daysInLiquidMedia,3,Heat_shock,cult_T60,5,UM,cultivationLiquid,liquid,no,300
temperature&wash&cultivation5daysInLiquidMedia,3,Heat_shock,cult_T60,5,UM,cultivationLiquid,liquid,yes,0
ethanol&wash&cultivation5daysInLiquidMedia,3,Ethanol_shock,cult_100,5,UM,cultivationLiquid,liquid,yes,21
ethanol&wash&cultivation5daysInLiquidMedia,3,Ethanol_shock,cult_100,5,UM,cultivationLiquid,liquid,no,300
ethanol&wash&cultivation5daysInLiquidMedia,3,Ethanol_shock,cult_100,5,TZ,cultivationLiquid,liquid,yes,0
ethanol&wash&cultivation5daysInLiquidMedia,3,Ethanol_shock,cult_100,5,TZ,cultivationLiquid,liquid,no,0
ethanol&wash&cultivation5daysInLiquidMedia,3,Ethanol_shock,cult_70,5,UM,cultivationLiquid,liquid,yes,10
ethanol&wash&cultivation5daysInLiquidMedia,3,Ethanol_shock,cult_70,5,UM,cultivationLiquid,liquid,no,300
temperature&wash&cultivation7daysOnSolidMedia,3,Heat_shock,cult_T30,7,UM,cultivationSolid,solid,no,241
temperature&wash&cultivation7daysOnSolidMedia,3,Heat_shock,cult_T30,7,UM,cultivationSolid,solid,yes,
temperature&wash&cultivation7daysOnSolidMedia,3,Heat_shock,cult_T30,7,TZ,cultivationSolid,solid,no,300
temperature&wash&cultivation7daysOnSolidMedia,3,Heat_shock,cult_T30,7,TZ,cultivationSolid,solid,yes,180
temperature&wash&cultivation7daysOnSolidMedia,3,Heat_shock,cult_T60,7,UM,cultivationSolid,solid,no,300
temperature&wash&cultivation7daysOnSolidMedia,3,Heat_shock,cult_T60,7,UM,cultivationSolid,solid,yes,300
temperature&wash&cultivation7daysOnSolidMedia,3,Heat_shock,cult_T60,7,TZ,cultivationSolid,solid,no,300
temperature&wash&cultivation7daysOnSolidMedia,3,Heat_shock,cult_T60,7,TZ,cultivationSolid,solid,yes,184
ethanol&wash&cultivation7daysOnSolidMedia,3,Ethanol_shock,cult_100,7,UM,cultivationSolid,solid,no,300
ethanol&wash&cultivation7daysOnSolidMedia,3,Ethanol_shock,cult_100,7,UM,cultivationSolid,solid,yes,300
ethanol&wash&cultivation7daysOnSolidMedia,3,Ethanol_shock,cult_100,7,TZ,cultivationSolid,solid,no,186
ethanol&wash&cultivation7daysOnSolidMedia,3,Ethanol_shock,cult_100,7,TZ,cultivationSolid,solid,yes,300
ethanol&wash&cultivation7daysOnSolidMedia,3,Ethanol_shock,cult_70,7,UM,cultivationSolid,solid,no,300
ethanol&wash&cultivation7daysOnSolidMedia,3,Ethanol_shock,cult_70,7,UM,cultivationSolid,solid,yes,300
temperature&wash&cultivation7daysInLiquidMedia,3,Heat_shock,cult_T30,7,UM,cultivationLiquid,liquid,no,300
temperature&wash&cultivation7daysInLiquidMedia,3,Heat_shock,cult_T30,7,UM,cultivationLiquid,liquid,yes,0
temperature&wash&cultivation7daysInLiquidMedia,3,Heat_shock,cult_T30,7,TZ,cultivationLiquid,liquid,no,300
temperature&wash&cultivation7daysInLiquidMedia,3,Heat_shock,cult_T30,7,TZ,cultivationLiquid,liquid,yes,0
temperature&wash&cultivation7daysInLiquidMedia,3,Heat_shock,cult_T60,7,TZ,cultivationLiquid,liquid,no,300
temperature&wash&cultivation7daysInLiquidMedia,3,Heat_shock,cult_T60,7,TZ,cultivationLiquid,liquid,yes,0
temperature&wash&cultivation7daysInLiquidMedia,3,Heat_shock,cult_T60,7,UM,cultivationLiquid,liquid,no,300
temperature&wash&cultivation7daysInLiquidMedia,3,Heat_shock,cult_T60,7,UM,cultivationLiquid,liquid,yes,1
ethanol&wash&cultivation7daysInLiquidMedia,3,Ethanol_shock,cult_100,7,UM,cultivationLiquid,liquid,yes,3
ethanol&wash&cultivation7daysInLiquidMedia,3,Ethanol_shock,cult_100,7,UM,cultivationLiquid,liquid,no,300
ethanol&wash&cultivation7daysInLiquidMedia,3,Ethanol_shock,cult_100,7,TZ,cultivationLiquid,liquid,yes,0
ethanol&wash&cultivation7daysInLiquidMedia,3,Ethanol_shock,cult_100,7,TZ,cultivationLiquid,liquid,no,0
ethanol&wash&cultivation7daysInLiquidMedia,3,Ethanol_shock,cult_70,7,UM,cultivationLiquid,liquid,yes,2
ethanol&wash&cultivation7daysInLiquidMedia,3,Ethanol_shock,cult_70,7,UM,cultivationLiquid,liquid,no,300
temperature&wash&cultivation14daysOnSolidMedia,3,Heat_shock,cult_T30,14,UM,cultivationSolid,solid,no,278
temperature&wash&cultivation14daysOnSolidMedia,3,Heat_shock,cult_T30,14,UM,cultivationSolid,solid,yes,300
temperature&wash&cultivation14daysOnSolidMedia,3,Heat_shock,cult_T30,14,TZ,cultivationSolid,solid,no,300
temperature&wash&cultivation14daysOnSolidMedia,3,Heat_shock,cult_T30,14,TZ,cultivationSolid,solid,yes,300
temperature&wash&cultivation14daysOnSolidMedia,3,Heat_shock,cult_T60,14,UM,cultivationSolid,solid,no,276
temperature&wash&cultivation14daysOnSolidMedia,3,Heat_shock,cult_T60,14,UM,cultivationSolid,solid,yes,300
temperature&wash&cultivation14daysOnSolidMedia,3,Heat_shock,cult_T60,14,TZ,cultivationSolid,solid,no,300
temperature&wash&cultivation14daysOnSolidMedia,3,Heat_shock,cult_T60,14,TZ,cultivationSolid,solid,yes,158
ethanol&wash&cultivation14daysOnSolidMedia,3,Ethanol_shock,cult_100,14,UM,cultivationSolid,solid,no,300
ethanol&wash&cultivation14daysOnSolidMedia,3,Ethanol_shock,cult_100,14,UM,cultivationSolid,solid,yes,300
ethanol&wash&cultivation14daysOnSolidMedia,3,Ethanol_shock,cult_100,14,TZ,cultivationSolid,solid,no,124
ethanol&wash&cultivation14daysOnSolidMedia,3,Ethanol_shock,cult_100,14,TZ,cultivationSolid,solid,yes,300
ethanol&wash&cultivation14daysOnSolidMedia,3,Ethanol_shock,cult_70,14,UM,cultivationSolid,solid,no,282
ethanol&wash&cultivation14daysOnSolidMedia,3,Ethanol_shock,cult_70,14,UM,cultivationSolid,solid,yes,300
temperature&wash&cultivation14daysInLiquidMedia,3,Heat_shock,cult_T30,14,UM,cultivationLiquid,liquid,no,300
temperature&wash&cultivation14daysInLiquidMedia,3,Heat_shock,cult_T30,14,UM,cultivationLiquid,liquid,yes,0
temperature&wash&cultivation14daysInLiquidMedia,3,Heat_shock,cult_T30,14,TZ,cultivationLiquid,liquid,no,0
temperature&wash&cultivation14daysInLiquidMedia,3,Heat_shock,cult_T30,14,TZ,cultivationLiquid,liquid,yes,0
temperature&wash&cultivation14daysInLiquidMedia,3,Heat_shock,cult_T60,14,TZ,cultivationLiquid,liquid,no,0
temperature&wash&cultivation14daysInLiquidMedia,3,Heat_shock,cult_T60,14,TZ,cultivationLiquid,liquid,yes,1
temperature&wash&cultivation14daysInLiquidMedia,3,Heat_shock,cult_T60,14,UM,cultivationLiquid,liquid,no,300
temperature&wash&cultivation14daysInLiquidMedia,3,Heat_shock,cult_T60,14,UM,cultivationLiquid,liquid,yes,
ethanol&wash&cultivation14daysInLiquidMedia,3,Ethanol_shock,cult_100,14,UM,cultivationLiquid,liquid,yes,4
ethanol&wash&cultivation14daysInLiquidMedia,3,Ethanol_shock,cult_100,14,UM,cultivationLiquid,liquid,no,300
ethanol&wash&cultivation14daysInLiquidMedia,3,Ethanol_shock,cult_100,14,TZ,cultivationLiquid,liquid,yes,0
ethanol&wash&cultivation14daysInLiquidMedia,3,Ethanol_shock,cult_100,14,TZ,cultivationLiquid,liquid,no,0
ethanol&wash&cultivation14daysInLiquidMedia,3,Ethanol_shock,cult_70,14,UM,cultivationLiquid,liquid,yes,1
ethanol&wash&cultivation14daysInLiquidMedia,3,Ethanol_shock,cult_70,14,UM,cultivationLiquid,liquid,no,300
