genome_id	PA	n_genes	sporulation_ability	clade_name	Species
GCA_000158655.1	TRUE	45	Spore-former	k__Bacteria|p__Firmicutes|c__Clostridia|o__Eubacteriales|f__Oscillospiraceae|g__Oscillospiraceae_unclassified|s__Clostridium_methylpentosum	Clostridium methylpentosum
GCA_000758905.1	TRUE	22	Non-spore-former	k__Bacteria|p__Firmicutes|c__Clostridia|o__Eubacteriales|f__Eubacteriales_Family_XIII_Incertae_Sedis|g__Eubacteriales_Family_XIII_Incertae_Sedis_unclassified|s__Clostridiales_bacterium_S5_A14a	Clostridiales bacterium S5 A14a
GCA_001305135.1	TRUE	46	Spore-former	k__Bacteria|p__Firmicutes|c__Clostridia|o__Clostridia_unclassified|f__Clostridia_unclassified|g__Clostridia_unclassified|s__Clostridia_bacterium_UC5_1_1D1	Clostridia bacterium UC5 1 1D1
GCA_001641065.1	TRUE	36	Spore-former	k__Bacteria|p__Firmicutes|c__Clostridia|o__Eubacteriales|f__Eubacteriales_unclassified|g__Eubacteriales_unclassified|s__Clostridiales_bacterium_KLE1615	Clostridiales bacterium KLE1615
GCA_001717545.1	TRUE	19	Non-spore-former	k__Bacteria|p__Chloroflexi|c__Anaerolineae|o__Anaerolineales|f__Anaerolineaceae|g__Anaerolineaceae_unclassified|s__Anaerolineaceae_bacterium_oral_taxon_439	Anaerolineaceae bacterium oral taxon 439
GCA_002160795.1	TRUE	48	Spore-former	k__Bacteria|p__Firmicutes|c__Clostridia|o__Eubacteriales|f__Oscillospiraceae|g__Flavonifractor|s__Flavonifractor_sp_An135	Flavonifractor sp An135
GCA_003435055.1	TRUE	36	Spore-former	k__Bacteria|p__Firmicutes|c__Clostridia|o__Eubacteriales|f__Lachnospiraceae|g__Lachnospiraceae_unclassified|s__Lachnospiraceae_bacterium_OF09_6	Lachnospiraceae bacterium OF09 6
GCA_003465375.1	TRUE	38	Spore-former	k__Bacteria|p__Firmicutes|c__Clostridia|o__Eubacteriales|f__Oscillospiraceae|g__Ruminococcus|s__Ruminococcus_sp_AF13_28	Ruminococcus sp AF13 28
GCA_003478355.1	TRUE	43	Spore-former	k__Bacteria|p__Firmicutes|c__Clostridia|o__Eubacteriales|f__Lachnospiraceae|g__Lachnospiraceae_unclassified|s__Lachnospiraceae_bacterium_AM48_27BH	Lachnospiraceae bacterium AM48 27BH
GCA_003479325.1	TRUE	39	Spore-former	k__Bacteria|p__Firmicutes|c__Clostridia|o__Eubacteriales|f__Clostridiaceae|g__Clostridiaceae_unclassified|s__Clostridiaceae_bacterium_AF18_31LB	Clostridiaceae bacterium AF18 31LB
GCA_003479725.1	TRUE	44	Spore-former	k__Bacteria|p__Firmicutes|c__Clostridia|o__Eubacteriales|f__Clostridiaceae|g__Clostridium|s__Clostridium_sp_AF12_28	Clostridium sp AF12 28
GCA_003490145.1	TRUE	44	Spore-former	k__Bacteria|p__Firmicutes|c__Clostridia|o__Eubacteriales|f__Lachnospiraceae|g__Lachnospiraceae_unclassified|s__Lachnospiraceae_bacterium_OM04_12BH	Lachnospiraceae bacterium OM04 12BH
GCA_007845485.1	TRUE	12	Non-spore-former	k__Bacteria|p__Candidatus_Saccharibacteria|c__Candidatus_Saccharibacteria_unclassified|o__Candidatus_Saccharibacteria_unclassified|f__Candidatus_Saccharibacteria_unclassified|g__Candidatus_Saccharibacteria_unclassified|s__TM7_phylum_sp_oral_taxon_348	TM7 phylum sp oral taxon 348
GCA_010202115.1	TRUE	13	Non-spore-former	k__Bacteria|p__Candidatus_Saccharibacteria|c__Candidatus_Saccharibacteria_unclassified|o__Candidatus_Saccharibacteria_unclassified|f__Candidatus_Saccharibacteria_unclassified|g__Candidatus_Saccharibacteria_unclassified|s__Candidatus_Saccharibacteria_bacterium_oral_taxon_488	Candidatus Saccharibacteria bacterium oral taxon 488
GCA_018141845.1	TRUE	24	Non-spore-former	k__Bacteria|p__Firmicutes|c__Clostridia|o__Eubacteriales|f__Lachnospiraceae|g__Lachnospiraceae_unclassified|s__Lachnospiraceae_bacterium_oral_taxon_096	Lachnospiraceae bacterium oral taxon 096
GCA_018223365.1	TRUE	39	Spore-former	k__Bacteria|p__Firmicutes|c__Clostridia|o__Eubacteriales|f__Clostridiaceae|g__Clostridiaceae_unclassified|s__Clostridiaceae_bacterium_Marseille_Q4145	Clostridiaceae bacterium Marseille Q4145
GCA_018223375.1	TRUE	43	Spore-former	k__Bacteria|p__Firmicutes|c__Clostridia|o__Eubacteriales|f__Clostridiaceae|g__Clostridiaceae_unclassified|s__Clostridiaceae_bacterium_Marseille_Q3526	Clostridiaceae bacterium Marseille Q3526
GCA_018223385.1	TRUE	43	Spore-former	k__Bacteria|p__Firmicutes|c__Clostridia|o__Eubacteriales|f__Oscillospiraceae|g__Oscillospiraceae_unclassified|s__Oscillospiraceae_bacterium_Marseille_Q3528	Oscillospiraceae bacterium Marseille Q3528
GCA_018223415.1	TRUE	43	Spore-former	k__Bacteria|p__Firmicutes|c__Clostridia|o__Eubacteriales|f__Eubacteriaceae|g__Eubacteriaceae_unclassified|s__Eubacteriaceae_bacterium_Marseille_Q4139	Eubacteriaceae bacterium Marseille Q4139
GCA_020540725.1	TRUE	42	Spore-former	k__Bacteria|p__Firmicutes|c__Clostridia|o__Eubacteriales|f__Lachnospiraceae|g__Lachnospiraceae_unclassified|s__Lachnospiraceae_bacterium_EP_SM_12S_S03	Lachnospiraceae bacterium EP SM 12S S03
GCA_020555605.1	TRUE	43	Spore-former	k__Bacteria|p__Bacteria_unclassified|c__Bacteria_unclassified|o__Bacteria_unclassified|f__Bacteria_unclassified|g__Bacteria_unclassified|s__bacterium_210917_SL_2_15	bacterium 210917 SL 2 15
GCA_020560725.1	TRUE	42	Spore-former	k__Bacteria|p__Firmicutes|c__Clostridia|o__Eubacteriales|f__Eubacteriales_unclassified|g__Colidextribacter|s__Colidextribacter_sp_210702_DFI_3_9	Colidextribacter sp 210702 DFI 3 9
GCA_025150425.1	TRUE	36	Spore-former	k__Bacteria|p__Firmicutes|c__Clostridia|o__Eubacteriales|f__Oscillospiraceae|g__Oscillospiraceae_unclassified|s__Eubacterium_siraeum	Eubacterium siraeum
GCA_037245345.1	TRUE	39	Spore-former	k__Bacteria|p__Firmicutes|c__Clostridia|o__Eubacteriales|f__Lachnospiraceae|g__Anaerotignum|s__Anaerotignum_faecicola	Anaerotignum faecicola
GCA_046983805.1	TRUE	43	Spore-former	k__Bacteria|p__Firmicutes|c__Clostridia|o__Eubacteriales|f__Oscillospiraceae|g__Oscillospiraceae_unclassified|s__Clostridium_leptum	Clostridium leptum
GCA_048415895.1	TRUE	36	Spore-former	k__Bacteria|p__Firmicutes|c__Clostridia|o__Eubacteriales|f__Oscillospiraceae|g__Ruminococcus|s__Ruminococcus_bicirculans	Ruminococcus bicirculans
GCA_958350975.1	TRUE	42	Spore-former	k__Bacteria|p__Firmicutes|c__Clostridia|o__Eubacteriales|f__Lachnospiraceae|g__Tyzzerella|s__Tyzzerella_nexilis	Tyzzerella nexilis
GCA_963587365.1	TRUE	30	Non-spore-former	k__Bacteria|p__Firmicutes|c__Clostridia|o__Eubacteriales|f__Clostridiaceae|g__Clostridiaceae_unclassified|s__Clostridiaceae_bacterium_Marseille_Q4143	Clostridiaceae bacterium Marseille Q4143
GCA_963629905.1	TRUE	14	Non-spore-former	k__Bacteria|p__Firmicutes|c__Clostridia|o__Eubacteriales|f__Oscillospiraceae|g__Ruminococcus|s__Ruminococcus_sp_AF41_9	Ruminococcus sp AF41 9
GCA_963646745.1	TRUE	42	Spore-former	k__Bacteria|p__Firmicutes|c__Clostridia|o__Eubacteriales|f__Clostridiaceae|g__Clostridiaceae_unclassified|s__Clostridiaceae_bacterium_Marseille_Q4149	Clostridiaceae bacterium Marseille Q4149
GCF_000008865.2	TRUE	21	Non-spore-former	k__Bacteria|p__Proteobacteria|c__Gammaproteobacteria|o__Enterobacterales|f__Enterobacteriaceae|g__Escherichia|s__Escherichia_coli	Escherichia coli
GCF_000009085.1	TRUE	13	Non-spore-former	k__Bacteria|p__Proteobacteria|c__Epsilonproteobacteria|o__Campylobacterales|f__Campylobacteraceae|g__Campylobacter|s__Campylobacter_jejuni	Campylobacter jejuni
GCF_000010425.1	TRUE	14	Non-spore-former	k__Bacteria|p__Actinobacteria|c__Actinomycetia|o__Bifidobacteriales|f__Bifidobacteriaceae|g__Bifidobacterium|s__Bifidobacterium_adolescentis	Bifidobacterium adolescentis
GCF_000012825.1	TRUE	14	Non-spore-former	k__Bacteria|p__Bacteroidota|c__Bacteroidia|o__Bacteroidales|f__Bacteroidaceae|g__Phocaeicola|s__Phocaeicola_vulgatus	Phocaeicola vulgatus
GCF_000014425.1	TRUE	18	Non-spore-former	k__Bacteria|p__Firmicutes|c__Bacilli|o__Lactobacillales|f__Lactobacillaceae|g__Lactobacillus|s__Lactobacillus_gasseri	Lactobacillus gasseri
GCF_000014445.1	TRUE	15	Non-spore-former	k__Bacteria|p__Firmicutes|c__Bacilli|o__Lactobacillales|f__Lactobacillaceae|g__Leuconostoc|s__Leuconostoc_mesenteroides	Leuconostoc mesenteroides
GCF_000014505.1	TRUE	18	Non-spore-former	k__Bacteria|p__Firmicutes|c__Bacilli|o__Lactobacillales|f__Lactobacillaceae|g__Pediococcus|s__Pediococcus_pentosaceus	Pediococcus pentosaceus
GCF_000022965.1	TRUE	14	Non-spore-former	k__Bacteria|p__Actinobacteria|c__Actinomycetia|o__Bifidobacteriales|f__Bifidobacteriaceae|g__Bifidobacterium|s__Bifidobacterium_animalis	Bifidobacterium animalis
GCF_000024225.1	TRUE	16	Non-spore-former	k__Bacteria|p__Actinobacteria|c__Coriobacteriia|o__Coriobacteriales|f__Atopobiaceae|g__Lancefieldella|s__Lancefieldella_parvula	Lancefieldella parvula
GCF_000025305.1	TRUE	19	Non-spore-former	k__Bacteria|p__Firmicutes|c__Negativicutes|o__Acidaminococcales|f__Acidaminococcaceae|g__Acidaminococcus|s__Acidaminococcus_fermentans	Acidaminococcus fermentans
GCF_000025985.1	TRUE	10	Non-spore-former	k__Bacteria|p__Bacteroidota|c__Bacteroidia|o__Bacteroidales|f__Bacteroidaceae|g__Bacteroides|s__Bacteroides_fragilis	Bacteroides fragilis
GCF_000092505.1	TRUE	14	Non-spore-former	k__Bacteria|p__Firmicutes|c__Bacilli|o__Lactobacillales|f__Lactobacillaceae|g__Leuconostoc|s__Leuconostoc_kimchii	Leuconostoc kimchii
GCF_000146185.1	TRUE	40	Spore-former	k__Bacteria|p__Firmicutes|c__Clostridia|o__Eubacteriales|f__Lachnospiraceae|g__Lachnospira|s__Lachnospira_eligens	Lachnospira eligens
GCF_000146345.1	TRUE	20	Non-spore-former	k__Bacteria|p__Firmicutes|c__Tissierellia|o__Tissierellales|f__Peptoniphilaceae|g__Peptoniphilus|s__Peptoniphilus_duerdenii	Peptoniphilus duerdenii
GCF_000147675.1	TRUE	25	Non-spore-former	k__Bacteria|p__Firmicutes|c__Clostridia|o__Eubacteriales|f__Peptostreptococcaceae|g__Peptostreptococcus|s__Peptostreptococcus_stomatis	Peptostreptococcus stomatis
GCF_000152245.2	TRUE	28	Non-spore-former	k__Bacteria|p__Firmicutes|c__Clostridia|o__Eubacteriales|f__Eubacteriaceae|g__Eubacterium|s__Eubacterium_callanderi	Eubacterium callanderi
GCF_000154385.1	TRUE	35	Spore-former	k__Bacteria|p__Firmicutes|c__Clostridia|o__Eubacteriales|f__Oscillospiraceae|g__Faecalibacterium|s__Faecalibacterium_prausnitzii	Faecalibacterium prausnitzii
GCF_000154465.1	TRUE	13	Non-spore-former	k__Bacteria|p__Bacteroidota|c__Bacteroidia|o__Bacteroidales|f__Rikenellaceae|g__Alistipes|s__Alistipes_putredinis	Alistipes putredinis
GCF_000154525.1	TRUE	12	Non-spore-former	k__Bacteria|p__Bacteroidota|c__Bacteroidia|o__Bacteroidales|f__Bacteroidaceae|g__Bacteroides|s__Bacteroides_stercoris	Bacteroides stercoris
GCF_000154825.1	TRUE	41	Spore-former	k__Bacteria|p__Firmicutes|c__Clostridia|o__Eubacteriales|f__Eubacteriaceae|g__Anaerofustis|s__Anaerofustis_stercorihominis	Anaerofustis stercorihominis
GCF_000155515.2	TRUE	17	Non-spore-former	k__Bacteria|p__Firmicutes|c__Bacilli|o__Lactobacillales|f__Lactobacillaceae|g__Lacticaseibacillus|s__Lacticaseibacillus_paracasei	Lacticaseibacillus paracasei
GCF_000156195.1	TRUE	12	Non-spore-former	k__Bacteria|p__Bacteroidota|c__Bacteroidia|o__Bacteroidales|f__Bacteroidaceae|g__Bacteroides|s__Bacteroides_finegoldii	Bacteroides finegoldii
GCF_000157355.2	TRUE	22	Non-spore-former	k__Bacteria|p__Firmicutes|c__Bacilli|o__Lactobacillales|f__Enterococcaceae|g__Enterococcus|s__Enterococcus_casseliflavus	Enterococcus casseliflavus
GCF_000160055.1	TRUE	20	Non-spore-former	k__Bacteria|p__Firmicutes|c__Negativicutes|o__Veillonellales|f__Veillonellaceae|g__Dialister|s__Dialister_invisus	Dialister invisus
GCF_000164675.2	TRUE	18	Non-spore-former	k__Bacteria|p__Firmicutes|c__Bacilli|o__Lactobacillales|f__Streptococcaceae|g__Streptococcus|s__Streptococcus_parasanguinis	Streptococcus parasanguinis
GCF_000169255.2	TRUE	46	Spore-former	k__Bacteria|p__Firmicutes|c__Clostridia|o__Eubacteriales|f__Oscillospiraceae|g__Pseudoflavonifractor|s__Pseudoflavonifractor_capillosus	Pseudoflavonifractor capillosus
GCF_000172175.1	TRUE	15	Non-spore-former	k__Bacteria|p__Bacteroidota|c__Bacteroidia|o__Bacteroidales|f__Bacteroidaceae|g__Bacteroides|s__Bacteroides_intestinalis	Bacteroides intestinalis
GCF_000175615.1	TRUE	15	Non-spore-former	k__Bacteria|p__Actinobacteria|c__Actinomycetia|o__Micrococcales|f__Micrococcaceae|g__Rothia|s__Rothia_mucilaginosa	Rothia mucilaginosa
GCF_000178095.1	TRUE	23	Non-spore-former	k__Bacteria|p__Firmicutes|c__Clostridia|o__Eubacteriales|f__Peptostreptococcaceae|g__Peptostreptococcus|s__Peptostreptococcus_anaerobius	Peptostreptococcus anaerobius
GCF_000185705.2	TRUE	19	Non-spore-former	k__Bacteria|p__Proteobacteria|c__Deltaproteobacteria|o__Desulfovibrionales|f__Desulfovibrionaceae|g__Bilophila|s__Bilophila_wadsworthia	Bilophila wadsworthia
GCF_000187895.1	TRUE	14	Non-spore-former	k__Bacteria|p__Bacteroidota|c__Bacteroidia|o__Bacteroidales|f__Bacteroidaceae|g__Phocaeicola|s__Phocaeicola_plebeius	Phocaeicola plebeius
GCF_000190355.1	TRUE	40	Spore-former	k__Bacteria|p__Firmicutes|c__Clostridia|o__Eubacteriales|f__Clostridiaceae|g__Clostridium|s__Clostridium_sp_D5	Clostridium sp D5
GCF_000196555.1	TRUE	13	Non-spore-former	k__Bacteria|p__Actinobacteria|c__Actinomycetia|o__Bifidobacteriales|f__Bifidobacteriaceae|g__Bifidobacterium|s__Bifidobacterium_longum	Bifidobacterium longum
GCF_000205025.1	TRUE	13	Non-spore-former	k__Bacteria|p__Proteobacteria|c__Betaproteobacteria|o__Burkholderiales|f__Sutterellaceae|g__Parasutterella|s__Parasutterella_excrementihominis	Parasutterella excrementihominis
GCF_000220835.1	TRUE	14	Non-spore-former	k__Bacteria|p__Actinobacteria|c__Actinomycetia|o__Actinomycetales|f__Actinomycetaceae|g__Actinomyces|s__Actinomyces_sp_oral_taxon_448	Actinomyces sp oral taxon 448
GCF_000225345.1	TRUE	43	Spore-former	k__Bacteria|p__Firmicutes|c__Clostridia|o__Eubacteriales|f__Lachnospiraceae|g__Roseburia|s__Roseburia_hominis	Roseburia hominis
GCF_000225705.1	TRUE	19	Non-spore-former	k__Bacteria|p__Actinobacteria|c__Coriobacteriia|o__Coriobacteriales|f__Coriobacteriaceae|g__Collinsella|s__Collinsella_tanakaei	Collinsella tanakaei
GCF_000233955.1	TRUE	14	Non-spore-former	k__Bacteria|p__Bacteroidota|c__Bacteroidia|o__Bacteroidales|f__Prevotellaceae|g__Paraprevotella|s__Paraprevotella_clara	Paraprevotella clara
GCF_000235885.1	TRUE	15	Non-spore-former	k__Bacteria|p__Bacteroidota|c__Bacteroidia|o__Bacteroidales|f__Prevotellaceae|g__Prevotella|s__Prevotella_stercorea	Prevotella stercorea
GCF_000236865.1	TRUE	14	Non-spore-former	k__Bacteria|p__Actinobacteria|c__Coriobacteriia|o__Coriobacteriales|f__Coriobacteriaceae|g__Senegalimassilia|s__Senegalimassilia_anaerobia	Senegalimassilia anaerobia
GCF_000239695.1	TRUE	12	Non-spore-former	k__Bacteria|p__Actinobacteria|c__Actinomycetia|o__Actinomycetales|f__Actinomycetaceae|g__Actinomyces|s__Actinomyces_graevenitzii	Actinomyces graevenitzii
GCF_000240185.1	TRUE	21	Non-spore-former	k__Bacteria|p__Proteobacteria|c__Gammaproteobacteria|o__Enterobacterales|f__Enterobacteriaceae|g__Klebsiella|s__Klebsiella_pneumoniae	Klebsiella pneumoniae
GCF_000253315.1	TRUE	18	Non-spore-former	k__Bacteria|p__Firmicutes|c__Bacilli|o__Lactobacillales|f__Streptococcaceae|g__Streptococcus|s__Streptococcus_salivarius	Streptococcus salivarius
GCF_000262545.1	TRUE	18	Non-spore-former	k__Bacteria|p__Bacteroidota|c__Bacteroidia|o__Bacteroidales|f__Prevotellaceae|g__Prevotella|s__Prevotella_bivia	Prevotella bivia
GCF_000269565.1	TRUE	32	Non-spore-former	k__Bacteria|p__Firmicutes|c__Erysipelotrichia|o__Erysipelotrichales|f__Coprobacillaceae|g__Coprobacillus|s__Coprobacillus_cateniformis	Coprobacillus cateniformis
GCF_000269805.1	TRUE	16	Non-spore-former	k__Bacteria|p__Actinobacteria|c__Actinomycetia|o__Actinomycetales|f__Actinomycetaceae|g__Actinomyces|s__Actinomyces_massiliensis	Actinomyces massiliensis
GCF_000278725.1	TRUE	15	Non-spore-former	k__Bacteria|p__Actinobacteria|c__Actinomycetia|o__Actinomycetales|f__Actinomycetaceae|g__Actinomyces|s__Actinomyces_sp_ICM47	Actinomyces sp ICM47
GCF_000284635.1	TRUE	13	Non-spore-former	k__Bacteria|p__Proteobacteria|c__Epsilonproteobacteria|o__Campylobacterales|f__Helicobacteraceae|g__Helicobacter|s__Helicobacter_cinaedi	Helicobacter cinaedi
GCF_000287615.1	TRUE	14	Non-spore-former	k__Bacteria|p__Proteobacteria|c__Gammaproteobacteria|o__Pasteurellales|f__Pasteurellaceae|g__Haemophilus|s__Haemophilus_sputorum	Haemophilus sputorum
GCF_000296445.1	TRUE	14	Non-spore-former	k__Bacteria|p__Actinobacteria|c__Coriobacteriia|o__Eggerthellales|f__Eggerthellaceae|g__Slackia|s__Slackia_piriformis	Slackia piriformis
GCF_000296465.1	TRUE	14	Non-spore-former	k__Bacteria|p__Bacteroidota|c__Bacteroidia|o__Bacteroidales|f__Barnesiellaceae|g__Barnesiella|s__Barnesiella_intestinihominis	Barnesiella intestinihominis
GCF_000296505.1	TRUE	13	Non-spore-former	k__Bacteria|p__Actinobacteria|c__Actinomycetia|o__Actinomycetales|f__Actinomycetaceae|g__Schaalia|s__Schaalia_turicensis	Schaalia turicensis
GCF_000298875.1	TRUE	15	Non-spore-former	k__Bacteria|p__Firmicutes|c__Bacilli|o__Lactobacillales|f__Lactobacillaceae|g__Leuconostoc|s__Leuconostoc_gelidum	Leuconostoc gelidum
GCF_000308275.2	TRUE	17	Non-spore-former	k__Bacteria|p__Firmicutes|c__Clostridia|o__Eubacteriales|f__Eubacteriales_unclassified|g__Levyella|s__Levyella_massiliensis	Levyella massiliensis
GCF_000314795.2	TRUE	18	Non-spore-former	k__Bacteria|p__Firmicutes|c__Bacilli|o__Lactobacillales|f__Streptococcaceae|g__Streptococcus|s__Streptococcus_sp_F0442	Streptococcus sp F0442
GCF_000321025.1	TRUE	23	Non-spore-former	k__Bacteria|p__Firmicutes|c__Tissierellia|o__Tissierellales|f__Peptoniphilaceae|g__Peptoniphilus|s__Peptoniphilus_senegalensis	Peptoniphilus senegalensis
GCF_000327285.1	TRUE	30	Non-spore-former	k__Bacteria|p__Firmicutes|c__Erysipelotrichia|o__Erysipelotrichales|f__Erysipelotrichaceae|g__Holdemania|s__Holdemania_massiliensis	Holdemania massiliensis
GCF_000371705.1	TRUE	50	Spore-former	k__Bacteria|p__Firmicutes|c__Clostridia|o__Eubacteriales|f__Lachnospiraceae|g__Enterocloster|s__Enterocloster_bolteae	Enterocloster bolteae
GCF_000380105.1	TRUE	19	Non-spore-former	k__Bacteria|p__Firmicutes|c__Bacilli|o__Lactobacillales|f__Streptococcaceae|g__Streptococcus|s__Streptococcus_orisratti	Streptococcus orisratti
GCF_000382445.1	TRUE	16	Non-spore-former	k__Bacteria|p__Bacteroidota|c__Bacteroidia|o__Bacteroidales|f__Bacteroidaceae|g__Phocaeicola|s__Phocaeicola_massiliensis	Phocaeicola massiliensis
GCF_000393015.1	TRUE	19	Non-spore-former	k__Bacteria|p__Firmicutes|c__Bacilli|o__Lactobacillales|f__Enterococcaceae|g__Enterococcus|s__Enterococcus_faecalis	Enterococcus faecalis
GCF_000420065.1	TRUE	14	Non-spore-former	k__Bacteria|p__Actinobacteria|c__Actinomycetia|o__Actinomycetales|f__Actinomycetaceae|g__Varibaculum|s__Varibaculum_cambriense	Varibaculum cambriense
GCF_000420505.1	TRUE	13	Non-spore-former	k__Bacteria|p__Actinobacteria|c__Actinomycetia|o__Bifidobacteriales|f__Bifidobacteriaceae|g__Alloscardovia|s__Alloscardovia_omnicolens	Alloscardovia omnicolens
GCF_000424025.1	TRUE	52	Spore-former	k__Bacteria|p__Firmicutes|c__Clostridia|o__Eubacteriales|f__Clostridiaceae|g__Clostridium|s__Clostridium_paraputrificum	Clostridium paraputrificum
GCF_000429225.1	TRUE	16	Non-spore-former	k__Bacteria|p__Actinobacteria|c__Actinomycetia|o__Actinomycetales|f__Actinomycetaceae|g__Actinomyces|s__Actinomyces_dentalis	Actinomyces dentalis
GCF_000429265.1	TRUE	14	Non-spore-former	k__Bacteria|p__Actinobacteria|c__Actinomycetia|o__Actinomycetales|f__Actinomycetaceae|g__Actinomyces|s__Actinomyces_gerencseriae	Actinomyces gerencseriae
GCF_000430525.1	TRUE	15	Non-spore-former	k__Bacteria|p__Bacteroidota|c__Bacteroidia|o__Bacteroidales|f__Prevotellaceae|g__Prevotella|s__Prevotella_corporis	Prevotella corporis
GCF_000466165.1	TRUE	16	Non-spore-former	k__Bacteria|p__Actinobacteria|c__Actinomycetia|o__Actinomycetales|f__Actinomycetaceae|g__Actinobaculum|s__Actinobaculum_sp_oral_taxon_183	Actinobaculum sp oral taxon 183
GCF_000468955.1	TRUE	17	Non-spore-former	k__Bacteria|p__Firmicutes|c__Bacilli|o__Lactobacillales|f__Streptococcaceae|g__Lactococcus|s__Lactococcus_cremoris	Lactococcus cremoris
GCF_000478885.1	TRUE	15	Non-spore-former	k__Bacteria|p__Actinobacteria|c__Coriobacteriia|o__Eggerthellales|f__Eggerthellaceae|g__Adlercreutzia|s__Adlercreutzia_equolifaciens	Adlercreutzia equolifaciens
GCF_000577815.1	TRUE	51	Spore-former	k__Bacteria|p__Firmicutes|c__Clostridia|o__Eubacteriales|f__Clostridiaceae|g__Clostridium|s__Clostridium_saudiense	Clostridium saudiense
GCF_000590555.1	TRUE	15	Non-spore-former	k__Bacteria|p__Actinobacteria|c__Actinomycetia|o__Corynebacteriales|f__Corynebacteriaceae|g__Corynebacterium|s__Corynebacterium_argentoratense	Corynebacterium argentoratense
GCF_000686665.1	TRUE	35	Spore-former	k__Bacteria|p__Firmicutes|c__Erysipelotrichia|o__Erysipelotrichales|f__Erysipelotrichaceae|g__Erysipelatoclostridium|s__Clostridium_saccharogumia	Clostridium saccharogumia
GCF_000709415.1	TRUE	21	Non-spore-former	k__Bacteria|p__Firmicutes|c__Bacilli|o__Bacillales|f__Staphylococcaceae|g__Staphylococcus|s__Staphylococcus_xylosus	Staphylococcus xylosus
GCF_000765235.1	TRUE	37	Spore-former	k__Bacteria|p__Firmicutes|c__Clostridia|o__Eubacteriales|f__Oscillospiraceae|g__Oscillibacter|s__Oscillibacter_sp_ER4	Oscillibacter sp ER4
GCF_000821305.1	TRUE	49	Spore-former	k__Bacteria|p__Firmicutes|c__Clostridia|o__Eubacteriales|f__Clostridiaceae|g__Clostridium|s__Clostridium_culturomicium	Clostridium culturomicium
GCF_000949455.1	TRUE	41	Spore-former	k__Bacteria|p__Firmicutes|c__Clostridia|o__Eubacteriales|f__Oscillospiraceae|g__Ruthenibacterium|s__Ruthenibacterium_lactatiformans	Ruthenibacterium lactatiformans
GCF_000953675.1	TRUE	56	Spore-former	k__Bacteria|p__Firmicutes|c__Clostridia|o__Eubacteriales|f__Peptostreptococcaceae|g__Paeniclostridium|s__Paeniclostridium_sordellii	Paeniclostridium sordellii
GCF_001025175.1	TRUE	13	Non-spore-former	k__Bacteria|p__Actinobacteria|c__Actinomycetia|o__Bifidobacteriales|f__Bifidobacteriaceae|g__Bifidobacterium|s__Bifidobacterium_breve	Bifidobacterium breve
GCF_001025195.1	TRUE	13	Non-spore-former	k__Bacteria|p__Actinobacteria|c__Actinomycetia|o__Bifidobacteriales|f__Bifidobacteriaceae|g__Bifidobacterium|s__Bifidobacterium_catenulatum	Bifidobacterium catenulatum
GCF_001025215.1	TRUE	14	Non-spore-former	k__Bacteria|p__Actinobacteria|c__Actinomycetia|o__Bifidobacteriales|f__Bifidobacteriaceae|g__Bifidobacterium|s__Bifidobacterium_pseudocatenulatum	Bifidobacterium pseudocatenulatum
GCF_001042595.1	TRUE	14	Non-spore-former	k__Bacteria|p__Actinobacteria|c__Actinomycetia|o__Bifidobacteriales|f__Bifidobacteriaceae|g__Bifidobacterium|s__Bifidobacterium_dentium	Bifidobacterium dentium
GCF_001182045.1	TRUE	13	Non-spore-former	k__Bacteria|p__Proteobacteria|c__Betaproteobacteria|o__Burkholderiales|f__Sutterellaceae|g__Dakarella|s__Dakarella_massiliensis	Dakarella massiliensis
GCF_001189515.2	TRUE	20	Non-spore-former	k__Bacteria|p__Actinobacteria|c__Coriobacteriia|o__Coriobacteriales|f__Atopobiaceae|g__Olsenella|s__Olsenella_sp_oral_taxon_807	Olsenella sp oral taxon 807
GCF_001244995.1	TRUE	47	Spore-former	k__Bacteria|p__Firmicutes|c__Clostridia|o__Eubacteriales|f__Eubacteriales_unclassified|g__Intestinimonas|s__Intestinimonas_massiliensis	Intestinimonas massiliensis
GCF_001261775.1	TRUE	48	Spore-former	k__Bacteria|p__Firmicutes|c__Clostridia|o__Eubacteriales|f__Oscillospiraceae|g__Anaeromassilibacillus|s__Anaeromassilibacillus_senegalensis	Anaeromassilibacillus senegalensis
GCF_001281025.1	TRUE	18	Non-spore-former	k__Bacteria|p__Firmicutes|c__Bacilli|o__Lactobacillales|f__Streptococcaceae|g__Streptococcus|s__Streptococcus_mitis	Streptococcus mitis
GCF_001293125.1	TRUE	15	Non-spore-former	k__Bacteria|p__Actinobacteria|c__Actinomycetia|o__Corynebacteriales|f__Lawsonellaceae|g__Lawsonella|s__Lawsonella_clevelandensis	Lawsonella clevelandensis
GCF_001314995.1	TRUE	13	Non-spore-former	k__Bacteria|p__Bacteroidota|c__Bacteroidia|o__Bacteroidales|f__Bacteroidaceae|g__Bacteroides|s__Bacteroides_ovatus	Bacteroides ovatus
GCF_001405015.1	TRUE	50	Spore-former	k__Bacteria|p__Firmicutes|c__Clostridia|o__Eubacteriales|f__Clostridiaceae|g__Clostridium|s__Clostridium_disporicum	Clostridium disporicum
GCF_001434145.1	TRUE	16	Non-spore-former	k__Bacteria|p__Firmicutes|c__Bacilli|o__Lactobacillales|f__Lactobacillaceae|g__Lentilactobacillus|s__Lentilactobacillus_otakiensis	Lentilactobacillus otakiensis
GCF_001434255.1	TRUE	18	Non-spore-former	k__Bacteria|p__Firmicutes|c__Bacilli|o__Lactobacillales|f__Lactobacillaceae|g__Lentilactobacillus|s__Lentilactobacillus_diolivorans	Lentilactobacillus diolivorans
GCF_001434295.1	TRUE	17	Non-spore-former	k__Bacteria|p__Firmicutes|c__Bacilli|o__Lactobacillales|f__Lactobacillaceae|g__Companilactobacillus|s__Companilactobacillus_versmoldensis	Companilactobacillus versmoldensis
GCF_001457635.1	TRUE	19	Non-spore-former	k__Bacteria|p__Firmicutes|c__Bacilli|o__Lactobacillales|f__Streptococcaceae|g__Streptococcus|s__Streptococcus_pneumoniae	Streptococcus pneumoniae
GCF_001457835.1	TRUE	22	Non-spore-former	k__Bacteria|p__Firmicutes|c__Clostridia|o__Eubacteriales|f__Eubacteriales_unclassified|g__Fenollaria|s__Fenollaria_timonensis	Fenollaria timonensis
GCF_001486165.1	TRUE	45	Spore-former	k__Bacteria|p__Firmicutes|c__Clostridia|o__Eubacteriales|f__Oscillospiraceae|g__Bittarella|s__Bittarella_massiliensis	Bittarella massiliensis
GCF_001487105.1	TRUE	39	Spore-former	k__Bacteria|p__Firmicutes|c__Clostridia|o__Eubacteriales|f__Lachnospiraceae|g__Mediterraneibacter|s__Mediterraneibacter_massiliensis	Mediterraneibacter massiliensis
GCF_001517625.2	TRUE	43	Spore-former	k__Bacteria|p__Firmicutes|c__Clostridia|o__Eubacteriales|f__Clostridiaceae|g__Clostridium|s__Clostridium_sp_AT4	Clostridium sp AT4
GCF_001544295.1	TRUE	22	Non-spore-former	k__Bacteria|p__Firmicutes|c__Bacilli|o__Lactobacillales|f__Enterococcaceae|g__Enterococcus|s__Enterococcus_pseudoavium	Enterococcus pseudoavium
GCF_001552785.1	TRUE	15	Non-spore-former	k__Bacteria|p__Actinobacteria|c__Coriobacteriia|o__Coriobacteriales|f__Atopobiaceae|g__Atopobium|s__Atopobium_deltae	Atopobium deltae
GCF_001553005.1	TRUE	12	Non-spore-former	k__Bacteria|p__Firmicutes|c__Bacilli|o__Bacillales|f__Bacillales_unclassified|g__Gemella|s__Gemella_asaccharolytica	Gemella asaccharolytica
GCF_001553605.1	TRUE	19	Non-spore-former	k__Bacteria|p__Proteobacteria|c__Deltaproteobacteria|o__Desulfovibrionales|f__Desulfovibrionaceae|g__Desulfovibrio|s__Desulfovibrio_fairfieldensis	Desulfovibrio fairfieldensis
GCF_001729805.1	TRUE	21	Non-spore-former	k__Bacteria|p__Proteobacteria|c__Gammaproteobacteria|o__Enterobacterales|f__Enterobacteriaceae|g__Enterobacter|s__Enterobacter_roggenkampii	Enterobacter roggenkampii
GCF_001750725.1	TRUE	21	Non-spore-former	k__Bacteria|p__Proteobacteria|c__Gammaproteobacteria|o__Enterobacterales|f__Enterobacteriaceae|g__Enterobacter|s__Enterobacter_ludwigii	Enterobacter ludwigii
GCF_001754075.1	TRUE	44	Spore-former	k__Bacteria|p__Firmicutes|c__Clostridia|o__Eubacteriales|f__Lachnospiraceae|g__Merdimonas|s__Merdimonas_faecis	Merdimonas faecis
GCF_001881565.1	TRUE	43	Spore-former	k__Bacteria|p__Firmicutes|c__Clostridia|o__Eubacteriales|f__Lachnospiraceae|g__Eisenbergiella|s__Eisenbergiella_tayi	Eisenbergiella tayi
GCF_001888925.1	TRUE	15	Non-spore-former	k__Bacteria|p__Firmicutes|c__Bacilli|o__Lactobacillales|f__Lactobacillaceae|g__Lactobacillus|s__Lactobacillus_delbrueckii	Lactobacillus delbrueckii
GCF_001951095.1	TRUE	16	Non-spore-former	k__Bacteria|p__Firmicutes|c__Bacilli|o__Lactobacillales|f__Lactobacillaceae|g__Weissella|s__Weissella_cibaria	Weissella cibaria
GCF_002127965.1	TRUE	17	Non-spore-former	k__Bacteria|p__Proteobacteria|c__Betaproteobacteria|o__Burkholderiales|f__Oxalobacteraceae|g__Oxalobacter|s__Oxalobacter_formigenes	Oxalobacter formigenes
GCF_002160515.1	TRUE	42	Spore-former	k__Bacteria|p__Firmicutes|c__Clostridia|o__Eubacteriales|f__Oscillospiraceae|g__Anaeromassilibacillus|s__Anaeromassilibacillus_sp_An172	Anaeromassilibacillus sp An172
GCF_002160675.1	TRUE	36	Spore-former	k__Bacteria|p__Firmicutes|c__Erysipelotrichia|o__Erysipelotrichales|f__Erysipelotrichaceae|g__Erysipelatoclostridium|s__Erysipelatoclostridium_sp_An15	Erysipelatoclostridium sp An15
GCF_002160755.1	TRUE	43	Spore-former	k__Bacteria|p__Firmicutes|c__Clostridia|o__Eubacteriales|f__Lachnospiraceae|g__Lachnoclostridium|s__Lachnoclostridium_sp_An14	Lachnoclostridium sp An14
GCF_002160765.1	TRUE	44	Spore-former	k__Bacteria|p__Firmicutes|c__Clostridia|o__Eubacteriales|f__Lachnospiraceae|g__Lachnoclostridium|s__Lachnoclostridium_sp_An138	Lachnoclostridium sp An138
GCF_002160825.1	TRUE	45	Spore-former	k__Bacteria|p__Firmicutes|c__Clostridia|o__Eubacteriales|f__Lachnospiraceae|g__Lachnoclostridium|s__Lachnoclostridium_sp_An131	Lachnoclostridium sp An131
GCF_002160985.1	TRUE	44	Spore-former	k__Bacteria|p__Firmicutes|c__Clostridia|o__Eubacteriales|f__Lachnospiraceae|g__Lachnoclostridium|s__Lachnoclostridium_sp_An118	Lachnoclostridium sp An118
GCF_002161175.1	TRUE	44	Spore-former	k__Bacteria|p__Firmicutes|c__Clostridia|o__Eubacteriales|f__Oscillospiraceae|g__Flavonifractor|s__Flavonifractor_sp_An100	Flavonifractor sp An100
GCF_002161215.1	TRUE	46	Spore-former	k__Bacteria|p__Firmicutes|c__Clostridia|o__Eubacteriales|f__Oscillospiraceae|g__Flavonifractor|s__Flavonifractor_sp_An10	Flavonifractor sp An10
GCF_002222595.2	TRUE	48	Spore-former	k__Bacteria|p__Firmicutes|c__Clostridia|o__Eubacteriales|f__Lachnospiraceae|g__Blautia|s__Blautia_hansenii	Blautia hansenii
GCF_002277935.1	TRUE	20	Non-spore-former	k__Bacteria|p__Firmicutes|c__Bacilli|o__Lactobacillales|f__Enterococcaceae|g__Enterococcus|s__Enterococcus_durans	Enterococcus durans
GCF_002278015.2	TRUE	21	Non-spore-former	k__Bacteria|p__Firmicutes|c__Bacilli|o__Lactobacillales|f__Enterococcaceae|g__Enterococcus|s__Enterococcus_hirae	Enterococcus hirae
GCF_002813755.1	TRUE	21	Non-spore-former	k__Bacteria|p__Firmicutes|c__Bacilli|o__Lactobacillales|f__Enterococcaceae|g__Enterococcus|s__Enterococcus_mundtii	Enterococcus mundtii
GCF_002874775.1	TRUE	43	Spore-former	k__Bacteria|p__Firmicutes|c__Clostridia|o__Eubacteriales|f__Oscillospiraceae|g__Monoglobus|s__Monoglobus_pectinilyticus	Monoglobus pectinilyticus
GCF_002891025.1	TRUE	22	Non-spore-former	k__Bacteria|p__Firmicutes|c__Bacilli|o__Lactobacillales|f__Enterococcaceae|g__Enterococcus|s__Enterococcus_avium	Enterococcus avium
GCF_002959775.1	TRUE	21	Non-spore-former	k__Bacteria|p__Firmicutes|c__Negativicutes|o__Veillonellales|f__Veillonellaceae|g__Veillonella|s__Veillonella_rogosae	Veillonella rogosae
GCF_002959855.1	TRUE	22	Non-spore-former	k__Bacteria|p__Firmicutes|c__Negativicutes|o__Veillonellales|f__Veillonellaceae|g__Veillonella|s__Veillonella_denticariosi	Veillonella denticariosi
GCF_002959935.1	TRUE	20	Non-spore-former	k__Bacteria|p__Firmicutes|c__Negativicutes|o__Veillonellales|f__Veillonellaceae|g__Veillonella|s__Veillonella_tobetsuensis	Veillonella tobetsuensis
GCF_002998925.1	TRUE	20	Non-spore-former	k__Bacteria|p__Firmicutes|c__Clostridia|o__Eubacteriales|f__Eubacteriales_Family_XIII_Incertae_Sedis|g__Mogibacterium|s__Mogibacterium_diversum	Mogibacterium diversum
GCF_003019675.1	TRUE	24	Non-spore-former	k__Bacteria|p__Fusobacteria|c__Fusobacteriia|o__Fusobacteriales|f__Fusobacteriaceae|g__Fusobacterium|s__Fusobacterium_ulcerans	Fusobacterium ulcerans
GCF_003019695.1	TRUE	18	Non-spore-former	k__Bacteria|p__Fusobacteria|c__Fusobacteriia|o__Fusobacteriales|f__Fusobacteriaceae|g__Fusobacterium|s__Fusobacterium_gonidiaformans	Fusobacterium gonidiaformans
GCF_003024655.1	TRUE	47	Spore-former	k__Bacteria|p__Firmicutes|c__Clostridia|o__Eubacteriales|f__Lachnospiraceae|g__Enterocloster|s__Enterocloster_lavalensis	Enterocloster lavalensis
GCF_003024675.1	TRUE	30	Non-spore-former	k__Bacteria|p__Firmicutes|c__Erysipelotrichia|o__Erysipelotrichales|f__Erysipelotrichaceae|g__Faecalibacillus|s__Faecalibacillus_faecis	Faecalibacillus faecis
GCF_003096415.1	TRUE	18	Non-spore-former	k__Bacteria|p__Lentisphaerae|c__Lentisphaeria|o__Victivallales|f__Victivallaceae|g__Victivallis|s__Victivallis_vadensis	Victivallis vadensis
GCF_003096635.1	TRUE	21	Non-spore-former	k__Bacteria|p__Firmicutes|c__Tissierellia|o__Tissierellia_unclassified|f__Tissierellia_unclassified|g__Ezakiella|s__Ezakiella_coagulans	Ezakiella coagulans
GCF_003172995.1	TRUE	15	Non-spore-former	k__Bacteria|p__Firmicutes|c__Bacilli|o__Lactobacillales|f__Streptococcaceae|g__Streptococcus|s__Streptococcus_sobrinus	Streptococcus sobrinus
GCF_003176835.1	TRUE	18	Non-spore-former	k__Bacteria|p__Firmicutes|c__Bacilli|o__Lactobacillales|f__Streptococcaceae|g__Lactococcus|s__Lactococcus_lactis	Lactococcus lactis
GCF_003204205.1	TRUE	19	Non-spore-former	k__Bacteria|p__Bacteroidota|c__Bacteroidia|o__Bacteroidales|f__Porphyromonadaceae|g__Sanguibacteroides|s__Sanguibacteroides_justesenii	Sanguibacteroides justesenii
GCF_003268275.1	TRUE	42	Spore-former	k__Bacteria|p__Firmicutes|c__Clostridia|o__Eubacteriales|f__Oscillospiraceae|g__Hydrogeniiclostridium|s__Hydrogeniiclostridium_mannosilyticum	Hydrogeniiclostridium mannosilyticum
GCF_003287895.1	TRUE	45	Spore-former	k__Bacteria|p__Firmicutes|c__Clostridia|o__Eubacteriales|f__Lachnospiraceae|g__Blautia|s__Blautia_argi	Blautia argi
GCF_003340385.1	TRUE	16	Non-spore-former	k__Bacteria|p__Actinobacteria|c__Coriobacteriia|o__Eggerthellales|f__Eggerthellaceae|g__Gordonibacter|s__Gordonibacter_pamelaeae	Gordonibacter pamelaeae
GCF_003343305.1	TRUE	23	Non-spore-former	k__Bacteria|p__Firmicutes|c__Bacilli|o__Lactobacillales|f__Enterococcaceae|g__Enterococcus|s__Enterococcus_gilvus	Enterococcus gilvus
GCF_003402575.1	TRUE	13	Non-spore-former	k__Bacteria|p__Proteobacteria|c__Betaproteobacteria|o__Burkholderiales|f__Sutterellaceae|g__Mesosutterella|s__Mesosutterella_multiformis	Mesosutterella multiformis
GCF_003416765.1	TRUE	14	Non-spore-former	k__Bacteria|p__Actinobacteria|c__Coriobacteriia|o__Coriobacteriales|f__Atopobiaceae|g__Paratractidigestivibacter|s__Paratractidigestivibacter_faecalis	Paratractidigestivibacter faecalis
GCF_003432035.1	TRUE	47	Spore-former	k__Bacteria|p__Firmicutes|c__Clostridia|o__Eubacteriales|f__Lachnospiraceae|g__Lacrimispora|s__Lacrimispora_amygdalina	Lacrimispora amygdalina
GCF_003435485.1	TRUE	43	Spore-former	k__Bacteria|p__Firmicutes|c__Clostridia|o__Eubacteriales|f__Lachnospiraceae|g__Eisenbergiella|s__Eisenbergiella_massiliensis	Eisenbergiella massiliensis
GCF_003435975.1	TRUE	44	Spore-former	k__Bacteria|p__Firmicutes|c__Clostridia|o__Eubacteriales|f__Clostridiaceae|g__Clostridium|s__Clostridium_sp_AF36_4	Clostridium sp AF36 4
GCF_003459085.1	TRUE	31	Non-spore-former	k__Bacteria|p__Firmicutes|c__Erysipelotrichia|o__Erysipelotrichales|f__Erysipelotrichaceae|g__Holdemania|s__Holdemania_filiformis	Holdemania filiformis
GCF_003461765.1	TRUE	42	Spore-former	k__Bacteria|p__Firmicutes|c__Clostridia|o__Eubacteriales|f__Lachnospiraceae|g__Roseburia|s__Roseburia_sp_AF02_12	Roseburia sp AF02 12
GCF_003463065.1	TRUE	41	Spore-former	k__Bacteria|p__Firmicutes|c__Clostridia|o__Eubacteriales|f__Lachnospiraceae|g__Blautia|s__Blautia_sp_OF03_15BH	Blautia sp OF03 15BH
GCF_003464085.1	TRUE	45	Spore-former	k__Bacteria|p__Firmicutes|c__Clostridia|o__Eubacteriales|f__Clostridiaceae|g__Clostridium|s__Clostridium_sp_AM58_1XD	Clostridium sp AM58 1XD
GCF_003464225.1	TRUE	18	Non-spore-former	k__Bacteria|p__Firmicutes|c__Erysipelotrichia|o__Erysipelotrichales|f__Erysipelotrichaceae|g__Holdemanella|s__Holdemanella_biformis	Holdemanella biformis
GCF_003472385.1	TRUE	16	Non-spore-former	k__Bacteria|p__Proteobacteria|c__Betaproteobacteria|o__Burkholderiales|f__Sutterellaceae|g__Sutterella|s__Sutterella_sp_AM11_39	Sutterella sp AM11 39
GCF_003473545.1	TRUE	43	Spore-former	k__Bacteria|p__Firmicutes|c__Clostridia|o__Eubacteriales|f__Clostridiaceae|g__Clostridium|s__Clostridium_sp_AM22_11AC	Clostridium sp AM22 11AC
GCF_003475105.1	TRUE	37	Spore-former	k__Bacteria|p__Firmicutes|c__Clostridia|o__Eubacteriales|f__Eubacteriaceae|g__Eubacterium|s__Eubacterium_ventriosum	Eubacterium ventriosum
GCF_003475485.1	TRUE	35	Spore-former	k__Bacteria|p__Firmicutes|c__Erysipelotrichia|o__Erysipelotrichales|f__Erysipelotrichaceae|g__Dielma|s__Dielma_fastidiosa	Dielma fastidiosa
GCF_003477705.1	TRUE	40	Spore-former	k__Bacteria|p__Firmicutes|c__Clostridia|o__Eubacteriales|f__Lachnospiraceae|g__Dorea|s__Dorea_sp_AF36_15AT	Dorea sp AF36 15AT
GCF_003477765.1	TRUE	38	Spore-former	k__Bacteria|p__Firmicutes|c__Clostridia|o__Eubacteriales|f__Eubacteriaceae|g__Eubacterium|s__Eubacterium_sp_AF34_35BH	Eubacterium sp AF34 35BH
GCF_003477885.1	TRUE	47	Spore-former	k__Bacteria|p__Firmicutes|c__Clostridia|o__Eubacteriales|f__Lachnospiraceae|g__Lachnotalea|s__Lachnotalea_sp_AF33_28	Lachnotalea sp AF33 28
GCF_003477935.1	TRUE	40	Spore-former	k__Bacteria|p__Firmicutes|c__Clostridia|o__Eubacteriales|f__Clostridiaceae|g__Clostridium|s__Clostridium_sp_AF32_12BH	Clostridium sp AF32 12BH
GCF_003478085.1	TRUE	44	Spore-former	k__Bacteria|p__Firmicutes|c__Clostridia|o__Eubacteriales|f__Lachnospiraceae|g__Eisenbergiella|s__Eisenbergiella_sp_OF01_20	Eisenbergiella sp OF01 20
GCF_003478335.1	TRUE	46	Spore-former	k__Bacteria|p__Firmicutes|c__Clostridia|o__Eubacteriales|f__Clostridiaceae|g__Clostridium|s__Clostridium_sp_AM49_4BH	Clostridium sp AM49 4BH
GCF_003478445.1	TRUE	42	Spore-former	k__Bacteria|p__Firmicutes|c__Clostridia|o__Eubacteriales|f__Lachnospiraceae|g__Roseburia|s__Roseburia_sp_AM59_24XD	Roseburia sp AM59 24XD
GCF_003478505.1	TRUE	40	Spore-former	k__Bacteria|p__Firmicutes|c__Clostridia|o__Eubacteriales|f__Clostridiaceae|g__Clostridium|s__Clostridium_sp_AF27_2AA	Clostridium sp AF27 2AA
GCF_003479305.1	TRUE	13	Non-spore-former	k__Bacteria|p__Bacteroidota|c__Bacteroidia|o__Bacteroidales|f__Rikenellaceae|g__Alistipes|s__Alistipes_sp_AF17_16	Alistipes sp AF17 16
GCF_003479405.1	TRUE	36	Spore-former	k__Bacteria|p__Firmicutes|c__Clostridia|o__Eubacteriales|f__Eubacteriaceae|g__Eubacterium|s__Eubacterium_sp_AF16_48	Eubacterium sp AF16 48
GCF_003480105.1	TRUE	41	Spore-former	k__Bacteria|p__Firmicutes|c__Clostridia|o__Eubacteriales|f__Clostridiaceae|g__Clostridium|s__Clostridium_sp_AM42_4	Clostridium sp AM42 4
GCF_003480315.1	TRUE	40	Spore-former	k__Bacteria|p__Firmicutes|c__Clostridia|o__Eubacteriales|f__Clostridiaceae|g__Clostridium|s__Clostridium_sp_AM33_3	Clostridium sp AM33 3
GCF_003480545.1	TRUE	47	Spore-former	k__Bacteria|p__Firmicutes|c__Clostridia|o__Eubacteriales|f__Clostridiaceae|g__Clostridium|s__Clostridium_sp_AM29_11AC	Clostridium sp AM29 11AC
GCF_003574295.1	TRUE	44	Spore-former	k__Bacteria|p__Firmicutes|c__Clostridia|o__Eubacteriales|f__Lachnospiraceae|g__Mediterraneibacter|s__Mediterraneibacter_butyricigenes	Mediterraneibacter butyricigenes
GCF_003628755.1	TRUE	23	Non-spore-former	k__Bacteria|p__Firmicutes|c__Clostridia|o__Eubacteriales|f__Christensenellaceae|g__Christensenella|s__Christensenella_minuta	Christensenella minuta
GCF_003703885.1	TRUE	17	Non-spore-former	k__Bacteria|p__Firmicutes|c__Bacilli|o__Lactobacillales|f__Lactobacillaceae|g__Limosilactobacillus|s__Limosilactobacillus_reuteri	Limosilactobacillus reuteri
GCF_003798325.1	TRUE	17	Non-spore-former	k__Bacteria|p__Actinobacteria|c__Actinomycetia|o__Propionibacteriales|f__Propionibacteriaceae|g__Propionibacterium|s__Propionibacterium_acidifaciens	Propionibacterium acidifaciens
GCF_003814745.1	TRUE	53	Spore-former	k__Bacteria|p__Firmicutes|c__Clostridia|o__Eubacteriales|f__Oscillospiraceae|g__Hydrogenoanaerobacterium|s__Hydrogenoanaerobacterium_saccharovorans	Hydrogenoanaerobacterium saccharovorans
GCF_003865075.1	TRUE	14	Non-spore-former	k__Bacteria|p__Bacteroidota|c__Bacteroidia|o__Bacteroidales|f__Bacteroidaceae|g__Bacteroides|s__Bacteroides_faecalis	Bacteroides faecalis
GCF_003945365.1	TRUE	22	Non-spore-former	k__Bacteria|p__Firmicutes|c__Negativicutes|o__Acidaminococcales|f__Acidaminococcaceae|g__Phascolarctobacterium|s__Phascolarctobacterium_faecium	Phascolarctobacterium faecium
GCF_003991565.1	TRUE	16	Non-spore-former	k__Bacteria|p__Bacteroidota|c__Bacteroidia|o__Bacteroidales|f__Odoribacteraceae|g__Butyricimonas|s__Butyricimonas_faecalis	Butyricimonas faecalis
GCF_004101845.1	TRUE	18	Non-spore-former	k__Bacteria|p__Firmicutes|c__Bacilli|o__Lactobacillales|f__Lactobacillaceae|g__Latilactobacillus|s__Latilactobacillus_curvatus	Latilactobacillus curvatus
GCF_004123145.1	TRUE	39	Spore-former	k__Bacteria|p__Firmicutes|c__Clostridia|o__Eubacteriales|f__Lachnospiraceae|g__Blautia|s__Blautia_faecicola	Blautia faecicola
GCF_004134775.1	TRUE	34	Spore-former	k__Bacteria|p__Firmicutes|c__Clostridia|o__Candidatus_Borkfalkiales|f__Candidatus_Borkfalkiaceae|g__Candidatus_Borkfalkia|s__Candidatus_Borkfalkia_ceftriaxoniphila	Candidatus Borkfalkia ceftriaxoniphila
GCF_004135645.1	TRUE	15	Non-spore-former	k__Bacteria|p__Actinobacteria|c__Coriobacteriia|o__Coriobacteriales|f__Coriobacteriaceae|g__Senegalimassilia|s__Senegalimassilia_faecalis	Senegalimassilia faecalis
GCF_004138385.1	TRUE	13	Non-spore-former	k__Bacteria|p__Candidatus_Saccharibacteria|c__Candidatus_Saccharimonadia|o__Candidatus_Saccharimonadales|f__Candidatus_Saccharimonadaceae|g__Candidatus_Nanosynsacchari|s__Candidatus_Nanosynsacchari_sp_TM7_ANC_38_39_G1_1	Candidatus Nanosynsacchari sp TM7 ANC 38 39 G1 1
GCF_004154955.1	TRUE	49	Spore-former	k__Bacteria|p__Firmicutes|c__Clostridia|o__Eubacteriales|f__Eubacteriales_unclassified|g__Intestinimonas|s__Intestinimonas_butyriciproducens	Intestinimonas butyriciproducens
GCF_004216775.1	TRUE	46	Spore-former	k__Bacteria|p__Firmicutes|c__Clostridia|o__Eubacteriales|f__Lachnospiraceae|g__Cuneatibacter|s__Cuneatibacter_caecimuris	Cuneatibacter caecimuris
GCF_004295125.1	TRUE	46	Spore-former	k__Bacteria|p__Firmicutes|c__Clostridia|o__Eubacteriales|f__Lachnospiraceae|g__Lachnoclostridium|s__Clostridium_scindens	Clostridium scindens
GCF_004353185.1	TRUE	53	Spore-former	k__Bacteria|p__Firmicutes|c__Clostridia|o__Eubacteriales|f__Clostridiaceae|g__Clostridium|s__Clostridium_cuniculi	Clostridium cuniculi
GCF_004354645.1	TRUE	15	Non-spore-former	k__Bacteria|p__Firmicutes|c__Bacilli|o__Lactobacillales|f__Lactobacillaceae|g__Leuconostoc|s__Leuconostoc_fallax	Leuconostoc fallax
GCF_004535825.1	TRUE	16	Non-spore-former	k__Bacteria|p__Bacteroidota|c__Bacteroidia|o__Bacteroidales|f__Prevotellaceae|g__Segatella|s__Segatella_hominis	Segatella hominis
GCF_004785935.1	TRUE	19	Non-spore-former	k__Bacteria|p__Firmicutes|c__Bacilli|o__Lactobacillales|f__Streptococcaceae|g__Streptococcus|s__Streptococcus_rubneri	Streptococcus rubneri
GCF_005221305.1	FALSE	16	Non-spore-former	k__Bacteria|p__Proteobacteria|c__Betaproteobacteria|o__Neisseriales|f__Neisseriaceae|g__Neisseria|s__Neisseria_subflava	Neisseria subflava
GCF_005601135.1	TRUE	46	Spore-former	k__Bacteria|p__Firmicutes|c__Clostridia|o__Eubacteriales|f__Oscillospiraceae|g__Ruminococcus|s__Ruminococcus_bovis	Ruminococcus bovis
GCF_006151905.1	TRUE	16	Non-spore-former	k__Bacteria|p__Firmicutes|c__Bacilli|o__Lactobacillales|f__Lactobacillaceae|g__Lacticaseibacillus|s__Lacticaseibacillus_rhamnosus	Lacticaseibacillus rhamnosus
GCF_006542645.1	TRUE	15	Non-spore-former	k__Bacteria|p__Bacteroidota|c__Bacteroidia|o__Bacteroidales|f__Rikenellaceae|g__Alistipes|s__Alistipes_onderdonkii	Alistipes onderdonkii
GCF_006542665.1	FALSE	13	Non-spore-former	k__Bacteria|p__Bacteroidota|c__Bacteroidia|o__Bacteroidales|f__Rikenellaceae|g__Alistipes|s__Alistipes_communis	Alistipes communis
GCF_006542685.1	TRUE	13	Non-spore-former	k__Bacteria|p__Bacteroidota|c__Bacteroidia|o__Bacteroidales|f__Rikenellaceae|g__Alistipes|s__Alistipes_dispar	Alistipes dispar
GCF_006770265.1	TRUE	16	Non-spore-former	k__Bacteria|p__Firmicutes|c__Bacilli|o__Lactobacillales|f__Streptococcaceae|g__Lactococcus|s__Lactococcus_carnosus	Lactococcus carnosus
GCF_007035805.1	TRUE	20	Non-spore-former	k__Bacteria|p__Proteobacteria|c__Gammaproteobacteria|o__Enterobacterales|f__Enterobacteriaceae|g__Enterobacter|s__Enterobacter_asburiae	Enterobacter asburiae
GCF_007954525.1	TRUE	16	Non-spore-former	k__Bacteria|p__Firmicutes|c__Bacilli|o__Lactobacillales|f__Lactobacillaceae|g__Leuconostoc|s__Leuconostoc_carnosum	Leuconostoc carnosum
GCF_007954605.1	TRUE	14	Non-spore-former	k__Bacteria|p__Firmicutes|c__Bacilli|o__Lactobacillales|f__Lactobacillaceae|g__Leuconostoc|s__Leuconostoc_lactis	Leuconostoc lactis
GCF_007954785.1	TRUE	15	Non-spore-former	k__Bacteria|p__Firmicutes|c__Bacilli|o__Lactobacillales|f__Lactobacillaceae|g__Leuconostoc|s__Leuconostoc_citreum	Leuconostoc citreum
GCF_008121455.1	TRUE	45	Spore-former	k__Bacteria|p__Firmicutes|c__Clostridia|o__Eubacteriales|f__Eubacteriales_unclassified|g__Evtepia|s__Evtepia_gabavorous	Evtepia gabavorous
GCF_008632235.1	TRUE	49	Spore-former	k__Bacteria|p__Firmicutes|c__Clostridia|o__Eubacteriales|f__Lachnospiraceae|g__Lachnoclostridium|s__Clostridium_symbiosum	Clostridium symbiosum
GCF_008692995.1	TRUE	19	Non-spore-former	k__Bacteria|p__Firmicutes|c__Bacilli|o__Bacillales|f__Bacillales_unclassified|g__Gemella|s__Gemella_haemolysans	Gemella haemolysans
GCF_008831035.1	TRUE	16	Non-spore-former	k__Bacteria|p__Actinobacteria|c__Coriobacteriia|o__Eggerthellales|f__Eggerthellaceae|g__Ellagibacter|s__Ellagibacter_isourolithinifaciens	Ellagibacter isourolithinifaciens
GCF_009183815.1	TRUE	15	Non-spore-former	k__Bacteria|p__Proteobacteria|c__Betaproteobacteria|o__Burkholderiales|f__Sutterellaceae|g__Sutterella|s__Sutterella_seckii	Sutterella seckii
GCF_009676365.1	TRUE	18	Non-spore-former	k__Bacteria|p__Firmicutes|c__Bacilli|o__Lactobacillales|f__Lactobacillaceae|g__Latilactobacillus|s__Latilactobacillus_sakei	Latilactobacillus sakei
GCF_009695545.1	TRUE	22	Non-spore-former	k__Bacteria|p__Lentisphaerae|c__Lentisphaeria|o__Victivallales|f__Victivallaceae|g__Victivallis|s__Victivallis_lenta	Victivallis lenta
GCF_009695765.1	TRUE	41	Spore-former	k__Bacteria|p__Firmicutes|c__Clostridia|o__Eubacteriales|f__Lachnospiraceae|g__Roseburia|s__Roseburia_porci	Roseburia porci
GCF_009695865.1	TRUE	17	Non-spore-former	k__Bacteria|p__Firmicutes|c__Clostridia|o__Eubacteriales|f__Eubacteriales_Family_XIII_Incertae_Sedis|g__Baileyella|s__Baileyella_intestinalis	Baileyella intestinalis
GCF_009696065.1	TRUE	40	Spore-former	k__Bacteria|p__Firmicutes|c__Clostridia|o__Eubacteriales|f__Lachnospiraceae|g__Oliverpabstia|s__Oliverpabstia_intestinalis	Oliverpabstia intestinalis
GCF_009696075.1	TRUE	21	Non-spore-former	k__Bacteria|p__Firmicutes|c__Erysipelotrichia|o__Erysipelotrichales|f__Erysipelotrichaceae|g__Holdemanella|s__Holdemanella_porci	Holdemanella porci
GCF_009697165.1	TRUE	43	Spore-former	k__Bacteria|p__Firmicutes|c__Clostridia|o__Eubacteriales|f__Lachnospiraceae|g__Anaerobutyricum|s__Anaerobutyricum_soehngenii	Anaerobutyricum soehngenii
GCF_009730295.1	TRUE	17	Non-spore-former	k__Bacteria|p__Firmicutes|c__Bacilli|o__Bacillales|f__Bacillales_unclassified|g__Gemella|s__Gemella_sanguinis	Gemella sanguinis
GCF_009731575.1	TRUE	21	Non-spore-former	k__Bacteria|p__Verrucomicrobia|c__Verrucomicrobiae|o__Verrucomicrobiales|f__Akkermansiaceae|g__Akkermansia|s__Akkermansia_muciniphila	Akkermansia muciniphila
GCF_009734005.1	TRUE	19	Non-spore-former	k__Bacteria|p__Firmicutes|c__Bacilli|o__Lactobacillales|f__Enterococcaceae|g__Enterococcus|s__Enterococcus_faecium	Enterococcus faecium
GCF_009831375.1	TRUE	41	Spore-former	k__Bacteria|p__Firmicutes|c__Clostridia|o__Eubacteriales|f__Lachnospiraceae|g__Mediterraneibacter|s__Ruminococcus_gnavus	Ruminococcus gnavus
GCF_009834925.2	TRUE	16	Non-spore-former	k__Bacteria|p__Actinobacteria|c__Coriobacteriia|o__Eggerthellales|f__Eggerthellaceae|g__Eggerthella|s__Eggerthella_guodeyinii	Eggerthella guodeyinii
GCF_009913655.1	TRUE	15	Non-spore-former	k__Bacteria|p__Firmicutes|c__Bacilli|o__Lactobacillales|f__Lactobacillaceae|g__Lactiplantibacillus|s__Lactiplantibacillus_plantarum	Lactiplantibacillus plantarum
GCF_010508875.1	TRUE	49	Spore-former	k__Bacteria|p__Firmicutes|c__Clostridia|o__Eubacteriales|f__Oscillospiraceae|g__Flavonifractor|s__Flavonifractor_plautii	Flavonifractor plautii
GCF_010509075.1	TRUE	16	Non-spore-former	k__Bacteria|p__Actinobacteria|c__Coriobacteriia|o__Coriobacteriales|f__Coriobacteriaceae|g__Collinsella|s__Collinsella_aerofaciens	Collinsella aerofaciens
GCF_010537335.1	TRUE	36	Spore-former	k__Bacteria|p__Firmicutes|c__Erysipelotrichia|o__Erysipelotrichales|f__Erysipelotrichaceae|g__Amedibacterium|s__Amedibacterium_intestinale	Amedibacterium intestinale
GCF_010669205.1	TRUE	45	Spore-former	k__Bacteria|p__Firmicutes|c__Clostridia|o__Eubacteriales|f__Lachnospiraceae|g__Blautia|s__Blautia_producta	Blautia producta
GCF_010669225.1	TRUE	24	Non-spore-former	k__Bacteria|p__Firmicutes|c__Negativicutes|o__Selenomonadales|f__Selenomonadaceae|g__Megamonas|s__Megamonas_funiformis	Megamonas funiformis
GCF_010669245.1	TRUE	15	Non-spore-former	k__Bacteria|p__Firmicutes|c__Bacilli|o__Lactobacillales|f__Streptococcaceae|g__Lactococcus|s__Lactococcus_raffinolactis	Lactococcus raffinolactis
GCF_012273195.1	TRUE	49	Spore-former	k__Bacteria|p__Firmicutes|c__Clostridia|o__Eubacteriales|f__Lachnospiraceae|g__Enterocloster|s__Enterocloster_clostridioformis	Enterocloster clostridioformis
GCF_012317185.1	TRUE	40	Spore-former	k__Bacteria|p__Firmicutes|c__Erysipelotrichia|o__Erysipelotrichales|f__Erysipelotrichaceae|g__Erysipelatoclostridium|s__Clostridium_innocuum	Clostridium innocuum
GCF_013009555.1	TRUE	19	Non-spore-former	k__Bacteria|p__Bacteroidota|c__Bacteroidia|o__Bacteroidales|f__Bacteroidaceae|g__Phocaeicola|s__Phocaeicola_dorei	Phocaeicola dorei
GCF_013046825.1	TRUE	38	Spore-former	k__Bacteria|p__Firmicutes|c__Erysipelotrichia|o__Erysipelotrichales|f__Turicibacteraceae|g__Turicibacter|s__Turicibacter_sanguinis	Turicibacter sanguinis
GCF_013267695.1	TRUE	16	Non-spore-former	k__Bacteria|p__Firmicutes|c__Bacilli|o__Lactobacillales|f__Streptococcaceae|g__Streptococcus|s__Streptococcus_gallolyticus	Streptococcus gallolyticus
GCF_013300845.1	TRUE	35	Spore-former	k__Bacteria|p__Firmicutes|c__Clostridia|o__Eubacteriales|f__Lachnospiraceae|g__Blautia|s__Blautia_glucerasea	Blautia glucerasea
GCF_013304825.1	TRUE	39	Spore-former	k__Bacteria|p__Firmicutes|c__Clostridia|o__Eubacteriales|f__Lachnospiraceae|g__Blautia|s__Blautia_schinkii	Blautia schinkii
GCF_013423865.1	TRUE	16	Non-spore-former	k__Bacteria|p__Firmicutes|c__Bacilli|o__Lactobacillales|f__Lactobacillaceae|g__Limosilactobacillus|s__Limosilactobacillus_mucosae	Limosilactobacillus mucosae
GCF_013449735.1	TRUE	15	Non-spore-former	k__Bacteria|p__Firmicutes|c__Bacilli|o__Lactobacillales|f__Streptococcaceae|g__Lactococcus|s__Lactococcus_laudensis	Lactococcus laudensis
GCF_014131755.1	TRUE	13	Non-spore-former	k__Bacteria|p__Bacteroidota|c__Bacteroidia|o__Bacteroidales|f__Bacteroidaceae|g__Bacteroides|s__Bacteroides_thetaiotaomicron	Bacteroides thetaiotaomicron
GCF_014131795.1	TRUE	53	Spore-former	k__Bacteria|p__Firmicutes|c__Clostridia|o__Eubacteriales|f__Clostridiaceae|g__Clostridium|s__Clostridium_butyricum	Clostridium butyricum
GCF_014192995.1	TRUE	14	Non-spore-former	k__Bacteria|p__Actinobacteria|c__Coriobacteriia|o__Eggerthellales|f__Eggerthellaceae|g__Slackia|s__Slackia_isoflavoniconvertens	Slackia isoflavoniconvertens
GCF_014202115.1	TRUE	46	Spore-former	k__Bacteria|p__Firmicutes|c__Clostridia|o__Eubacteriales|f__Lachnospiraceae|g__Catenibacillus|s__Catenibacillus_scindens	Catenibacillus scindens
GCF_014253025.1	TRUE	15	Non-spore-former	k__Bacteria|p__Actinobacteria|c__Coriobacteriia|o__Eggerthellales|f__Eggerthellaceae|g__Gordonibacter|s__Gordonibacter_massiliensis	Gordonibacter massiliensis
GCF_014269355.1	TRUE	45	Spore-former	k__Bacteria|p__Firmicutes|c__Clostridia|o__Eubacteriales|f__Oscillospiraceae|g__Neobittarella|s__Neobittarella_massiliensis	Neobittarella massiliensis
GCF_014287275.1	TRUE	37	Spore-former	k__Bacteria|p__Firmicutes|c__Clostridia|o__Eubacteriales|f__Oscillospiraceae|g__Anaerofilum|s__Anaerofilum_hominis	Anaerofilum hominis
GCF_014287435.1	TRUE	43	Spore-former	k__Bacteria|p__Firmicutes|c__Clostridia|o__Eubacteriales|f__Lachnospiraceae|g__Roseburia|s__Roseburia_lenta	Roseburia lenta
GCF_014287635.1	TRUE	38	Spore-former	k__Bacteria|p__Firmicutes|c__Clostridia|o__Eubacteriales|f__Lachnospiraceae|g__Roseburia|s__Roseburia_sp_BX1005	Roseburia sp BX1005
GCF_014287675.1	TRUE	47	Spore-former	k__Bacteria|p__Firmicutes|c__Clostridia|o__Eubacteriales|f__Oscillospiraceae|g__Lawsonibacter|s__Lawsonibacter_faecis	Lawsonibacter faecis
GCF_014287815.1	TRUE	51	Spore-former	k__Bacteria|p__Firmicutes|c__Clostridia|o__Eubacteriales|f__Clostridiaceae|g__Clostridium|s__Clostridium_sp_NSJ_42	Clostridium sp NSJ 42
GCF_014287825.1	TRUE	49	Spore-former	k__Bacteria|p__Firmicutes|c__Clostridia|o__Eubacteriales|f__Clostridiaceae|g__Clostridium|s__Clostridium_sp_NSJ_6	Clostridium sp NSJ 6
GCF_014287895.1	TRUE	48	Spore-former	k__Bacteria|p__Firmicutes|c__Clostridia|o__Eubacteriales|f__Oscillospiraceae|g__Lawsonibacter|s__Lawsonibacter_hominis	Lawsonibacter hominis
GCF_014287955.1	TRUE	42	Spore-former	k__Bacteria|p__Firmicutes|c__Clostridia|o__Eubacteriales|f__Lachnospiraceae|g__Lachnospira|s__Lachnospira_sp_NSJ_43	Lachnospira sp NSJ 43
GCF_014290175.1	TRUE	41	Spore-former	k__Bacteria|p__Firmicutes|c__Clostridia|o__Eubacteriales|f__Lachnospiraceae|g__Anaerosacchariphilus|s__Anaerosacchariphilus_sp_NSJ_68	Anaerosacchariphilus sp NSJ 68
GCF_014306095.1	TRUE	37	Spore-former	k__Bacteria|p__Firmicutes|c__Clostridia|o__Eubacteriales|f__Eubacteriales_Family_XIII_Incertae_Sedis|g__Lentihominibacter|s__Lentihominibacter_faecis	Lentihominibacter faecis
GCF_014333425.1	TRUE	47	Spore-former	k__Bacteria|p__Firmicutes|c__Clostridia|o__Eubacteriales|f__Eubacteriales_Family_XIII_Incertae_Sedis|g__Zhenpiania|s__Zhenpiania_hominis	Zhenpiania hominis
GCF_014334055.1	TRUE	43	Spore-former	k__Bacteria|p__Firmicutes|c__Clostridia|o__Eubacteriales|f__Oscillospiraceae|g__Oscillibacter|s__Oscillibacter_hominis	Oscillibacter hominis
GCF_014337155.1	TRUE	38	Spore-former	k__Bacteria|p__Firmicutes|c__Clostridia|o__Eubacteriales|f__Lachnospiraceae|g__Wujia|s__Wujia_chipingensis	Wujia chipingensis
GCF_014337175.1	TRUE	44	Spore-former	k__Bacteria|p__Firmicutes|c__Clostridia|o__Eubacteriales|f__Lachnospiraceae|g__Simiaoa|s__Simiaoa_sunii	Simiaoa sunii
GCF_014337215.1	TRUE	44	Spore-former	k__Bacteria|p__Firmicutes|c__Clostridia|o__Eubacteriales|f__Lachnospiraceae|g__Wansuia|s__Wansuia_hejianensis	Wansuia hejianensis
GCF_014384705.1	TRUE	46	Spore-former	k__Bacteria|p__Firmicutes|c__Clostridia|o__Eubacteriales|f__Yeguiaceae|g__Yeguia|s__Yeguia_hominis	Yeguia hominis
GCF_014384745.1	TRUE	45	Spore-former	k__Bacteria|p__Firmicutes|c__Clostridia|o__Eubacteriales|f__Christensenellaceae|g__Luoshenia|s__Luoshenia_tenuis	Luoshenia tenuis
GCF_014384765.1	TRUE	43	Spore-former	k__Bacteria|p__Firmicutes|c__Clostridia|o__Eubacteriales|f__Feifaniaceae|g__Feifania|s__Feifania_hominis	Feifania hominis
GCF_014384785.1	TRUE	42	Spore-former	k__Bacteria|p__Firmicutes|c__Clostridia|o__Eubacteriales|f__Oscillospiraceae|g__Congzhengia|s__Congzhengia_minquanensis	Congzhengia minquanensis
GCF_014384805.1	TRUE	46	Spore-former	k__Bacteria|p__Firmicutes|c__Clostridia|o__Eubacteriales|f__Christensenellaceae|g__Guopingia|s__Guopingia_tenuis	Guopingia tenuis
GCF_014384885.1	TRUE	49	Spore-former	k__Bacteria|p__Firmicutes|c__Clostridia|o__Eubacteriales|f__Oscillospiraceae|g__Ligaoa|s__Ligaoa_zhengdingensis	Ligaoa zhengdingensis
GCF_014384895.1	TRUE	44	Spore-former	k__Bacteria|p__Firmicutes|c__Clostridia|o__Eubacteriales|f__Bianqueaceae|g__Bianquea|s__Bianquea_renquensis	Bianquea renquensis
GCF_014384965.1	TRUE	38	Spore-former	k__Bacteria|p__Firmicutes|c__Clostridia|o__Eubacteriales|f__Lachnospiraceae|g__Jutongia|s__Jutongia_hominis	Jutongia hominis
GCF_014384985.1	TRUE	41	Spore-former	k__Bacteria|p__Firmicutes|c__Clostridia|o__Eubacteriales|f__Lachnospiraceae|g__Jutongia|s__Jutongia_huaianensis	Jutongia huaianensis
GCF_014384995.1	TRUE	45	Spore-former	k__Bacteria|p__Firmicutes|c__Clostridia|o__Eubacteriales|f__Lachnospiraceae|g__Zhenhengia|s__Zhenhengia_yiwuensis	Zhenhengia yiwuensis
GCF_014385005.1	TRUE	39	Spore-former	k__Bacteria|p__Firmicutes|c__Clostridia|o__Eubacteriales|f__Lachnospiraceae|g__Jingyaoa|s__Jingyaoa_shaoxingensis	Jingyaoa shaoxingensis
GCF_014385025.1	TRUE	45	Spore-former	k__Bacteria|p__Firmicutes|c__Clostridia|o__Eubacteriales|f__Oscillospiraceae|g__Yanshouia|s__Yanshouia_hominis	Yanshouia hominis
GCF_014385085.1	TRUE	44	Spore-former	k__Bacteria|p__Firmicutes|c__Clostridia|o__Eubacteriales|f__Oscillospiraceae|g__Youxingia|s__Youxingia_wuxianensis	Youxingia wuxianensis
GCF_014385405.1	TRUE	42	Spore-former	k__Bacteria|p__Firmicutes|c__Clostridia|o__Eubacteriales|f__Lachnospiraceae|g__Blautia|s__Blautia_stercoris	Blautia stercoris
GCF_014648015.1	TRUE	41	Spore-former	k__Bacteria|p__Firmicutes|c__Clostridia|o__Eubacteriales|f__Clostridiaceae|g__Butyricicoccus|s__Butyricicoccus_faecihominis	Butyricicoccus faecihominis
GCF_014836495.1	TRUE	49	Spore-former	k__Bacteria|p__Firmicutes|c__Bacilli|o__Bacillales|f__Bacillaceae|g__Cytobacillus|s__Cytobacillus_stercorigallinarum	Cytobacillus stercorigallinarum
GCF_014863965.1	TRUE	42	Spore-former	k__Bacteria|p__Firmicutes|c__Clostridia|o__Eubacteriales|f__Oscillospiraceae|g__Ruminococcus|s__Ruminococcus_bromii	Ruminococcus bromii
GCF_014879295.1	TRUE	17	Non-spore-former	k__Bacteria|p__Firmicutes|c__Bacilli|o__Lactobacillales|f__Lactobacillaceae|g__Lentilactobacillus|s__Lentilactobacillus_parabuchneri	Lentilactobacillus parabuchneri
GCF_014982855.1	TRUE	45	Spore-former	k__Bacteria|p__Firmicutes|c__Clostridia|o__Eubacteriales|f__Oscillospiraceae|g__Pseudoflavonifractor|s__Pseudoflavonifractor_gallinarum	Pseudoflavonifractor gallinarum
GCF_014982935.1	TRUE	39	Spore-former	k__Bacteria|p__Firmicutes|c__Clostridia|o__Eubacteriales|f__Lachnospiraceae|g__Anaerotignum|s__Anaerotignum_lactatifermentans	Anaerotignum lactatifermentans
GCF_015097275.1	TRUE	14	Non-spore-former	k__Bacteria|p__Bacteroidota|c__Bacteroidia|o__Bacteroidales|f__Barnesiellaceae|g__Coprobacter|s__Coprobacter_secundus	Coprobacter secundus
GCF_015097455.1	TRUE	29	Non-spore-former	k__Bacteria|p__Firmicutes|c__Erysipelotrichia|o__Erysipelotrichales|f__Erysipelotrichaceae|g__Faecalibacillus|s__Faecalibacillus_intestinalis	Faecalibacillus intestinalis
GCF_015139575.1	TRUE	20	Non-spore-former	k__Bacteria|p__Proteobacteria|c__Gammaproteobacteria|o__Enterobacterales|f__Enterobacteriaceae|g__Klebsiella|s__Klebsiella_michiganensis	Klebsiella michiganensis
GCF_015550045.1	TRUE	39	Spore-former	k__Bacteria|p__Firmicutes|c__Clostridia|o__Eubacteriales|f__Lachnospiraceae|g__Roseburia|s__Roseburia_faecis	Roseburia faecis
GCF_015555825.1	TRUE	12	Non-spore-former	k__Bacteria|p__Bacteroidota|c__Bacteroidia|o__Bacteroidales|f__Bacteroidaceae|g__Bacteroides|s__Bacteroides_clarus	Bacteroides clarus
GCF_015558105.1	TRUE	31	Non-spore-former	k__Bacteria|p__Firmicutes|c__Erysipelotrichia|o__Erysipelotrichales|f__Erysipelotrichaceae|g__Holdemania|s__Holdemania_sp_1001095H_141210_F2	Holdemania sp 1001095H 141210 F2
GCF_015672735.1	TRUE	20	Non-spore-former	k__Bacteria|p__Proteobacteria|c__Gammaproteobacteria|o__Enterobacterales|f__Enterobacteriaceae|g__Citrobacter|s__Citrobacter_sp_Res13_Sevr_PEB04_36	Citrobacter sp Res13 Sevr PEB04 36
GCF_016026695.1	TRUE	18	Non-spore-former	k__Bacteria|p__Firmicutes|c__Bacilli|o__Lactobacillales|f__Streptococcaceae|g__Lactococcus|s__Lactococcus_garvieae	Lactococcus garvieae
GCF_016027375.1	TRUE	52	Spore-former	k__Bacteria|p__Firmicutes|c__Clostridia|o__Eubacteriales|f__Clostridiaceae|g__Clostridium|s__Clostridium_perfringens	Clostridium perfringens
GCF_016028275.1	TRUE	22	Non-spore-former	k__Bacteria|p__Firmicutes|c__Bacilli|o__Bacillales|f__Staphylococcaceae|g__Staphylococcus|s__Staphylococcus_carnosus	Staphylococcus carnosus
GCF_016127215.1	TRUE	14	Non-spore-former	k__Bacteria|p__Proteobacteria|c__Gammaproteobacteria|o__Pasteurellales|f__Pasteurellaceae|g__Haemophilus|s__Haemophilus_parainfluenzae	Haemophilus parainfluenzae
GCF_016127255.1	TRUE	14	Non-spore-former	k__Bacteria|p__Firmicutes|c__Bacilli|o__Lactobacillales|f__Lactobacillaceae|g__Leuconostoc|s__Leuconostoc_pseudomesenteroides	Leuconostoc pseudomesenteroides
GCF_016127275.1	TRUE	17	Non-spore-former	k__Bacteria|p__Firmicutes|c__Bacilli|o__Lactobacillales|f__Streptococcaceae|g__Streptococcus|s__Streptococcus_infantarius	Streptococcus infantarius
GCF_016127855.1	TRUE	17	Non-spore-former	k__Bacteria|p__Actinobacteria|c__Actinomycetia|o__Actinomycetales|f__Actinomycetaceae|g__Actinomyces|s__Actinomyces_naeslundii	Actinomyces naeslundii
GCF_016127955.1	TRUE	17	Non-spore-former	k__Bacteria|p__Actinobacteria|c__Actinomycetia|o__Actinomycetales|f__Actinomycetaceae|g__Actinomyces|s__Actinomyces_oris	Actinomyces oris
GCF_016127995.1	TRUE	16	Non-spore-former	k__Bacteria|p__Actinobacteria|c__Actinomycetia|o__Actinomycetales|f__Actinomycetaceae|g__Schaalia|s__Schaalia_meyeri	Schaalia meyeri
GCF_016599815.1	TRUE	19	Non-spore-former	k__Bacteria|p__Firmicutes|c__Tissierellia|o__Tissierellales|f__Peptoniphilaceae|g__Anaerococcus|s__Anaerococcus_obesiensis	Anaerococcus obesiensis
GCF_016724805.1	TRUE	15	Non-spore-former	k__Bacteria|p__Proteobacteria|c__Betaproteobacteria|o__Burkholderiales|f__Sutterellaceae|g__Sutterella|s__Sutterella_wadsworthensis	Sutterella wadsworthensis
GCF_016728785.1	TRUE	33	Spore-former	k__Bacteria|p__Firmicutes|c__Erysipelotrichia|o__Erysipelotrichales|f__Erysipelotrichaceae|g__Erysipelatoclostridium|s__Erysipelatoclostridium_ramosum	Erysipelatoclostridium ramosum
GCF_016900595.1	TRUE	45	Spore-former	k__Bacteria|p__Firmicutes|c__Clostridia|o__Eubacteriales|f__Lachnospiraceae|g__Faecalicatena|s__Faecalicatena_fissicatena	Faecalicatena fissicatena
GCF_016900655.1	TRUE	46	Spore-former	k__Bacteria|p__Firmicutes|c__Clostridia|o__Eubacteriales|f__Oscillospiraceae|g__Drancourtella|s__Drancourtella_massiliensis	Drancourtella massiliensis
GCF_017811815.1	TRUE	43	Spore-former	k__Bacteria|p__Firmicutes|c__Clostridia|o__Eubacteriales|f__Oscillospiraceae|g__Flavonifractor|s__Flavonifractor_sp_AGMB03687	Flavonifractor sp AGMB03687
GCF_017815575.1	TRUE	20	Non-spore-former	k__Bacteria|p__Proteobacteria|c__Deltaproteobacteria|o__Desulfovibrionales|f__Desulfovibrionaceae|g__Desulfovibrio|s__Desulfovibrio_desulfuricans	Desulfovibrio desulfuricans
GCF_017894325.1	TRUE	13	Non-spore-former	k__Bacteria|p__Actinobacteria|c__Actinomycetia|o__Bifidobacteriales|f__Bifidobacteriaceae|g__Bifidobacterium|s__Bifidobacterium_bifidum	Bifidobacterium bifidum
GCF_018140635.1	TRUE	46	Spore-former	k__Bacteria|p__Firmicutes|c__Clostridia|o__Eubacteriales|f__Lachnospiraceae|g__Anaerobutyricum|s__Anaerobutyricum_hallii	Anaerobutyricum hallii
GCF_018279895.1	TRUE	15	Non-spore-former	k__Bacteria|p__Bacteroidota|c__Bacteroidia|o__Bacteroidales|f__Tannerellaceae|g__Parabacteroides|s__Parabacteroides_distasonis	Parabacteroides distasonis
GCF_018289135.1	TRUE	13	Non-spore-former	k__Bacteria|p__Bacteroidota|c__Bacteroidia|o__Bacteroidales|f__Bacteroidaceae|g__Bacteroides|s__Bacteroides_xylanisolvens	Bacteroides xylanisolvens
GCF_018292125.1	TRUE	14	Non-spore-former	k__Bacteria|p__Bacteroidota|c__Bacteroidia|o__Bacteroidales|f__Bacteroidaceae|g__Bacteroides|s__Bacteroides_cellulosilyticus	Bacteroides cellulosilyticus
GCF_018292205.1	TRUE	16	Non-spore-former	k__Bacteria|p__Bacteroidota|c__Bacteroidia|o__Bacteroidales|f__Bacteroidaceae|g__Bacteroides|s__Bacteroides_caccae	Bacteroides caccae
GCF_018326305.1	TRUE	39	Spore-former	k__Bacteria|p__Firmicutes|c__Clostridia|o__Eubacteriales|f__Oscillospiraceae|g__Vescimonas|s__Vescimonas_fastidiosa	Vescimonas fastidiosa
GCF_018390535.1	TRUE	13	Non-spore-former	k__Bacteria|p__Bacteroidota|c__Bacteroidia|o__Bacteroidales|f__Bacteroidaceae|g__Bacteroides|s__Bacteroides_propionicigenes	Bacteroides propionicigenes
GCF_018406465.1	TRUE	37	Spore-former	k__Bacteria|p__Firmicutes|c__Erysipelotrichia|o__Erysipelotrichales|f__Erysipelotrichaceae|g__Longicatena|s__Longicatena_caecimuris	Longicatena caecimuris
GCF_018408575.1	TRUE	39	Spore-former	k__Bacteria|p__Firmicutes|c__Clostridia|o__Eubacteriales|f__Oscillospiraceae|g__Vescimonas|s__Vescimonas_coprocola	Vescimonas coprocola
GCF_018785565.1	TRUE	36	Spore-former	k__Bacteria|p__Firmicutes|c__Clostridia|o__Eubacteriales|f__Lachnospiraceae|g__Blautia|s__Blautia_sp_MCC283	Blautia sp MCC283
GCF_018917925.1	TRUE	39	Spore-former	k__Bacteria|p__Firmicutes|c__Clostridia|o__Eubacteriales|f__Eubacteriales_unclassified|g__Intestinimonas|s__Intestinimonas_sp_MSJ_38	Intestinimonas sp MSJ 38
GCF_018917965.1	TRUE	42	Spore-former	k__Bacteria|p__Firmicutes|c__Clostridia|o__Eubacteriales|f__Oscillospiraceae|g__Pseudoflavonifractor|s__Pseudoflavonifractor_sp_MSJ_37	Pseudoflavonifractor sp MSJ 37
GCF_018918025.1	TRUE	42	Spore-former	k__Bacteria|p__Firmicutes|c__Clostridia|o__Eubacteriales|f__Oscillospiraceae|g__Oscillibacter|s__Oscillibacter_sp_MSJ_31	Oscillibacter sp MSJ 31
GCF_018918095.1	TRUE	49	Spore-former	k__Bacteria|p__Firmicutes|c__Clostridia|o__Eubacteriales|f__Oscillospiraceae|g__Acetivibrio|s__Acetivibrio_sp_MSJd_27	Acetivibrio sp MSJd 27
GCF_018918145.1	TRUE	40	Spore-former	k__Bacteria|p__Firmicutes|c__Clostridia|o__Eubacteriales|f__Lachnospiraceae|g__Anaerotignum|s__Anaerotignum_sp_MSJ_24	Anaerotignum sp MSJ 24
GCF_018918345.1	TRUE	35	Spore-former	k__Bacteria|p__Firmicutes|c__Clostridia|o__Eubacteriales|f__Clostridiaceae|g__Butyricicoccus|s__Butyricicoccus_intestinisimiae	Butyricicoccus intestinisimiae
GCF_019042245.1	TRUE	47	Spore-former	k__Bacteria|p__Firmicutes|c__Clostridia|o__Eubacteriales|f__Lachnospiraceae|g__Diplocloster|s__Diplocloster_modestus	Diplocloster modestus
GCF_019046945.1	TRUE	18	Non-spore-former	k__Bacteria|p__Firmicutes|c__Bacilli|o__Lactobacillales|f__Streptococcaceae|g__Streptococcus|s__Streptococcus_gordonii	Streptococcus gordonii
GCF_019048245.1	TRUE	21	Non-spore-former	k__Bacteria|p__Proteobacteria|c__Gammaproteobacteria|o__Enterobacterales|f__Enterobacteriaceae|g__Enterobacter|s__Enterobacter_hormaechei	Enterobacter hormaechei
GCF_019048645.1	TRUE	19	Non-spore-former	k__Bacteria|p__Firmicutes|c__Bacilli|o__Lactobacillales|f__Streptococcaceae|g__Streptococcus|s__Streptococcus_mutans	Streptococcus mutans
GCF_019656055.1	TRUE	14	Non-spore-former	k__Bacteria|p__Firmicutes|c__Bacilli|o__Lactobacillales|f__Lactobacillaceae|g__Leuconostoc|s__Leuconostoc_miyukkimchii	Leuconostoc miyukkimchii
GCF_019665745.1	TRUE	21	Non-spore-former	k__Bacteria|p__Proteobacteria|c__Gammaproteobacteria|o__Enterobacterales|f__Enterobacteriaceae|g__Enterobacter|s__Enterobacter_cancerogenus	Enterobacter cancerogenus
GCF_019734885.1	TRUE	35	Spore-former	k__Bacteria|p__Firmicutes|c__Clostridia|o__Eubacteriales|f__Lachnospiraceae|g__Coprococcus|s__Coprococcus_catus	Coprococcus catus
GCF_019930665.1	TRUE	15	Non-spore-former	k__Bacteria|p__Bacteroidota|c__Bacteroidia|o__Bacteroidales|f__Bacteroidaceae|g__Bacteroides|s__Bacteroides_nordii	Bacteroides nordii
GCF_020091425.1	TRUE	18	Non-spore-former	k__Bacteria|p__Bacteroidota|c__Bacteroidia|o__Bacteroidales|f__Tannerellaceae|g__Parabacteroides|s__Parabacteroides_goldsteinii	Parabacteroides goldsteinii
GCF_020091505.1	TRUE	13	Non-spore-former	k__Bacteria|p__Bacteroidota|c__Bacteroidia|o__Bacteroidales|f__Bacteroidaceae|g__Bacteroides|s__Bacteroides_faecis	Bacteroides faecis
GCF_020150375.1	TRUE	21	Non-spore-former	k__Bacteria|p__Proteobacteria|c__Gammaproteobacteria|o__Enterobacterales|f__Hafniaceae|g__Hafnia|s__Hafnia_paralvei	Hafnia paralvei
GCF_020181435.1	TRUE	44	Spore-former	k__Bacteria|p__Firmicutes|c__Clostridia|o__Eubacteriales|f__Lachnospiraceae|g__Anaerostipes|s__Anaerostipes_caccae	Anaerostipes caccae
GCF_020297465.1	TRUE	16	Non-spore-former	k__Bacteria|p__Bacteroidota|c__Bacteroidia|o__Bacteroidales|f__Tannerellaceae|g__Parabacteroides|s__Parabacteroides_gordonii	Parabacteroides gordonii
GCF_020510245.1	TRUE	16	Non-spore-former	k__Bacteria|p__Firmicutes|c__Bacilli|o__Lactobacillales|f__Lactobacillaceae|g__Oenococcus|s__Oenococcus_oeni	Oenococcus oeni
GCF_020525545.1	TRUE	21	Non-spore-former	k__Bacteria|p__Proteobacteria|c__Gammaproteobacteria|o__Enterobacterales|f__Enterobacteriaceae|g__Klebsiella|s__Klebsiella_variicola	Klebsiella variicola
GCF_020554845.1	TRUE	35	Spore-former	k__Bacteria|p__Firmicutes|c__Clostridia|o__Eubacteriales|f__Lachnospiraceae|g__Blautia|s__Blautia_faecis	Blautia faecis
GCF_020686945.1	TRUE	40	Spore-former	k__Bacteria|p__Firmicutes|c__Clostridia|o__Eubacteriales|f__Lachnospiraceae|g__Fusicatenibacter|s__Fusicatenibacter_sp_CLA_AA_H277	Fusicatenibacter sp CLA AA H277
GCF_020731525.1	TRUE	42	Spore-former	k__Bacteria|p__Firmicutes|c__Clostridia|o__Eubacteriales|f__Lachnospiraceae|g__Roseburia|s__Roseburia_inulinivorans	Roseburia inulinivorans
GCF_020735445.1	TRUE	14	Non-spore-former	k__Bacteria|p__Bacteroidota|c__Bacteroidia|o__Bacteroidales|f__Prevotellaceae|g__Segatella|s__Segatella_copri	Segatella copri
GCF_021378605.1	TRUE	15	Non-spore-former	k__Bacteria|p__Actinobacteria|c__Coriobacteriia|o__Eggerthellales|f__Eggerthellaceae|g__Eggerthella|s__Eggerthella_lenta	Eggerthella lenta
GCF_021412605.1	TRUE	50	Spore-former	k__Bacteria|p__Firmicutes|c__Clostridia|o__Eubacteriales|f__Clostridiaceae|g__Clostridium|s__Clostridium_celatum	Clostridium celatum
GCF_021496385.1	TRUE	22	Non-spore-former	k__Bacteria|p__Firmicutes|c__Bacilli|o__Lactobacillales|f__Enterococcaceae|g__Enterococcus|s__Enterococcus_gallinarum	Enterococcus gallinarum
GCF_021497505.1	TRUE	39	Spore-former	k__Bacteria|p__Firmicutes|c__Erysipelotrichia|o__Erysipelotrichales|f__Turicibacteraceae|g__Turicibacter|s__Turicibacter_sp_TJ11	Turicibacter sp TJ11
GCF_021531915.1	TRUE	41	Spore-former	k__Bacteria|p__Firmicutes|c__Clostridia|o__Eubacteriales|f__Oscillospiraceae|g__Oscillibacter|s__Oscillibacter_valericigenes	Oscillibacter valericigenes
GCF_021730445.1	TRUE	15	Non-spore-former	k__Bacteria|p__Bacteroidota|c__Bacteroidia|o__Bacteroidales|f__Bacteroidaceae|g__Phocaeicola|s__Phocaeicola_faecalis	Phocaeicola faecalis
GCF_022453685.1	TRUE	36	Spore-former	k__Bacteria|p__Firmicutes|c__Clostridia|o__Eubacteriales|f__Lachnospiraceae|g__Lachnospiraceae_unclassified|s__Eubacterium_rectale	Eubacterium rectale
GCF_022453915.1	TRUE	41	Spore-former	k__Bacteria|p__Bacillota|c__Clostridia|o__Eubacteriales|f__Oscillospiraceae|g__Lawsonibacter|s__Lawsonibacter_asaccharolyticus	Lawsonibacter asaccharolyticus
GCF_022487435.1	TRUE	39	Spore-former	k__Bacteria|p__Firmicutes|c__Clostridia|o__Eubacteriales|f__Lachnospiraceae|g__Mediterraneibacter|s__Mediterraneibacter_sp_NSJ_151	Mediterraneibacter sp NSJ 151
GCF_022835095.1	TRUE	41	Spore-former	k__Bacteria|p__Firmicutes|c__Clostridia|o__Eubacteriales|f__Lachnospiraceae|g__Faecalicatena|s__Faecalicatena_contorta	Faecalicatena contorta
GCF_022845715.1	TRUE	15	Non-spore-former	k__Bacteria|p__Actinobacteria|c__Coriobacteriia|o__Eggerthellales|f__Eggerthellaceae|g__Raoultibacter|s__Raoultibacter_timonensis	Raoultibacter timonensis
GCF_022846135.1	TRUE	17	Non-spore-former	k__Bacteria|p__Synergistetes|c__Synergistia|o__Synergistales|f__Synergistaceae|g__Pyramidobacter|s__Pyramidobacter_piscolens	Pyramidobacter piscolens
GCF_022867805.1	TRUE	42	Spore-former	k__Bacteria|p__Firmicutes|c__Clostridia|o__Eubacteriales|f__Lachnospiraceae|g__Cuneatibacter|s__Cuneatibacter_sp_NSJ_177	Cuneatibacter sp NSJ 177
GCF_023008305.1	TRUE	45	Spore-former	k__Bacteria|p__Firmicutes|c__Clostridia|o__Eubacteriales|f__Oscillospiraceae|g__Anaerotruncus|s__Anaerotruncus_colihominis	Anaerotruncus colihominis
GCF_023023125.1	TRUE	19	Non-spore-former	k__Bacteria|p__Proteobacteria|c__Gammaproteobacteria|o__Enterobacterales|f__Enterobacteriaceae|g__Enterobacter|s__Enterobacter_kobei	Enterobacter kobei
GCF_023347705.1	TRUE	21	Non-spore-former	k__Bacteria|p__Firmicutes|c__Clostridia|o__Eubacteriales|f__Eubacteriales_unclassified|g__Fenollaria|s__Fenollaria_massiliensis	Fenollaria massiliensis
GCF_023374935.1	TRUE	17	Non-spore-former	k__Bacteria|p__Proteobacteria|c__Gammaproteobacteria|o__Enterobacterales|f__Enterobacteriaceae|g__Citrobacter|s__Citrobacter_portucalensis	Citrobacter portucalensis
GCF_023497905.1	TRUE	18	Non-spore-former	k__Bacteria|p__Firmicutes|c__Negativicutes|o__Acidaminococcales|f__Acidaminococcaceae|g__Phascolarctobacterium|s__Phascolarctobacterium_succinatutens	Phascolarctobacterium succinatutens
GCF_023499275.1	TRUE	16	Non-spore-former	k__Bacteria|p__Firmicutes|c__Bacilli|o__Lactobacillales|f__Streptococcaceae|g__Lactococcus|s__Lactococcus_petauri	Lactococcus petauri
GCF_024399475.1	TRUE	35	Spore-former	k__Bacteria|p__Firmicutes|c__Erysipelotrichia|o__Erysipelotrichales|f__Erysipelotrichaceae|g__Erysipelotrichaceae_unclassified|s__Erysipelotrichaceae_bacterium_LH1062	Erysipelotrichaceae bacterium LH1062
GCF_024499545.1	TRUE	37	Spore-former	k__Bacteria|p__Firmicutes|c__Erysipelotrichia|o__Erysipelotrichales|f__Turicibacteraceae|g__Turicibacter|s__Turicibacter_bilis	Turicibacter bilis
GCF_024622195.1	TRUE	48	Spore-former	k__Bacteria|p__Firmicutes|c__Clostridia|o__Eubacteriales|f__Lachnospiraceae|g__Murimonas|s__Murimonas_intestini	Murimonas intestini
GCF_024622975.1	TRUE	40	Spore-former	k__Bacteria|p__Firmicutes|c__Clostridia|o__Eubacteriales|f__Lachnospiraceae|g__Blautia|s__Blautia_caecimuris	Blautia caecimuris
GCF_025144545.1	TRUE	21	Non-spore-former	k__Bacteria|p__Firmicutes|c__Negativicutes|o__Acidaminococcales|f__Acidaminococcaceae|g__Acidaminococcus|s__Acidaminococcus_intestini	Acidaminococcus intestini
GCF_025144665.1	TRUE	16	Non-spore-former	k__Bacteria|p__Bacteroidota|c__Bacteroidia|o__Bacteroidales|f__Rikenellaceae|g__Alistipes|s__Alistipes_ihumii	Alistipes ihumii
GCF_025144995.1	TRUE	14	Non-spore-former	k__Bacteria|p__Bacteroidota|c__Bacteroidia|o__Bacteroidales|f__Rikenellaceae|g__Alistipes|s__Alistipes_indistinctus	Alistipes indistinctus
GCF_025145845.1	TRUE	13	Non-spore-former	k__Bacteria|p__Bacteroidota|c__Bacteroidia|o__Bacteroidales|f__Rikenellaceae|g__Alistipes|s__Alistipes_shahii	Alistipes shahii
GCF_025146565.1	TRUE	13	Non-spore-former	k__Bacteria|p__Bacteroidota|c__Bacteroidia|o__Bacteroidales|f__Bacteroidaceae|g__Bacteroides|s__Bacteroides_eggerthii	Bacteroides eggerthii
GCF_025147765.1	TRUE	37	Spore-former	k__Bacteria|p__Firmicutes|c__Clostridia|o__Eubacteriales|f__Lachnospiraceae|g__Blautia|s__Blautia_obeum	Blautia obeum
GCF_025148125.1	TRUE	37	Spore-former	k__Bacteria|p__Firmicutes|c__Clostridia|o__Eubacteriales|f__Lachnospiraceae|g__Blautia|s__Blautia_wexlerae	Blautia wexlerae
GCF_025148635.1	TRUE	18	Non-spore-former	k__Bacteria|p__Bacteroidota|c__Bacteroidia|o__Bacteroidales|f__Odoribacteraceae|g__Butyricimonas|s__Butyricimonas_virosa	Butyricimonas virosa
GCF_025148965.1	TRUE	60	Spore-former	k__Bacteria|p__Firmicutes|c__Clostridia|o__Eubacteriales|f__Peptostreptococcaceae|g__Intestinibacter|s__Intestinibacter_bartlettii	Intestinibacter bartlettii
GCF_025149125.1	TRUE	47	Spore-former	k__Bacteria|p__Firmicutes|c__Clostridia|o__Eubacteriales|f__Lachnospiraceae|g__Enterocloster|s__Enterocloster_asparagiformis	Enterocloster asparagiformis
GCF_025149285.1	TRUE	50	Spore-former	k__Bacteria|p__Firmicutes|c__Clostridia|o__Eubacteriales|f__Clostridiaceae|g__Hungatella|s__Hungatella_hathewayi	Hungatella hathewayi
GCF_025149465.1	TRUE	31	Non-spore-former	k__Bacteria|p__Firmicutes|c__Erysipelotrichia|o__Erysipelotrichales|f__Erysipelotrichaceae|g__Erysipelatoclostridium|s__Clostridium_spiroforme	Clostridium spiroforme
GCF_025149785.1	TRUE	40	Spore-former	k__Bacteria|p__Firmicutes|c__Clostridia|o__Eubacteriales|f__Lachnospiraceae|g__Coprococcus|s__Coprococcus_comes	Coprococcus comes
GCF_025149915.1	TRUE	38	Spore-former	k__Bacteria|p__Firmicutes|c__Clostridia|o__Eubacteriales|f__Lachnospiraceae|g__Coprococcus|s__Coprococcus_eutactus	Coprococcus eutactus
GCF_025150085.1	TRUE	41	Spore-former	k__Bacteria|p__Firmicutes|c__Clostridia|o__Eubacteriales|f__Lachnospiraceae|g__Dorea|s__Dorea_longicatena	Dorea longicatena
GCF_025150245.1	TRUE	42	Spore-former	k__Bacteria|p__Firmicutes|c__Clostridia|o__Eubacteriales|f__Lachnospiraceae|g__Dorea|s__Dorea_formicigenerans	Dorea formicigenerans
GCF_025151385.1	TRUE	16	Non-spore-former	k__Bacteria|p__Bacteroidota|c__Bacteroidia|o__Bacteroidales|f__Prevotellaceae|g__Prevotella|s__Prevotella_buccalis	Prevotella buccalis
GCF_025151995.1	TRUE	47	Spore-former	k__Bacteria|p__Firmicutes|c__Clostridia|o__Eubacteriales|f__Oscillospiraceae|g__Ruminococcus|s__Ruminococcus_gauvreauii	Ruminococcus gauvreauii
GCF_025152405.1	TRUE	39	Spore-former	k__Bacteria|p__Firmicutes|c__Clostridia|o__Eubacteriales|f__Lachnospiraceae|g__Mediterraneibacter|s__Ruminococcus_lactaris	Ruminococcus lactaris
GCF_025567015.1	TRUE	45	Spore-former	k__Bacteria|p__Firmicutes|c__Clostridia|o__Eubacteriales|f__Lachnospiraceae|g__Brotolimicola|s__Brotolimicola_acetigignens	Brotolimicola acetigignens
GCF_025567445.1	TRUE	47	Spore-former	k__Bacteria|p__Firmicutes|c__Clostridia|o__Eubacteriales|f__Lachnospiraceae|g__Diplocloster|s__Diplocloster_agilis	Diplocloster agilis
GCF_027667425.1	TRUE	38	Spore-former	k__Bacteria|p__Firmicutes|c__Clostridia|o__Eubacteriales|f__Lachnospiraceae|g__Fusicatenibacter|s__Fusicatenibacter_saccharivorans	Fusicatenibacter saccharivorans
GCF_027677115.1	TRUE	16	Non-spore-former	k__Bacteria|p__Bacteroidota|c__Bacteroidia|o__Bacteroidales|f__Rikenellaceae|g__Alistipes|s__Alistipes_finegoldii	Alistipes finegoldii
GCF_027688575.1	TRUE	15	Non-spore-former	k__Bacteria|p__Bacteroidota|c__Bacteroidia|o__Bacteroidales|f__Bacteroidaceae|g__Phocaeicola|s__Phocaeicola_coprocola	Phocaeicola coprocola
GCF_027698965.1	TRUE	41	Spore-former	k__Bacteria|p__Firmicutes|c__Clostridia|o__Eubacteriales|f__Clostridiaceae|g__Clostridium|s__Clostridium_fessum	Clostridium fessum
GCF_029023685.1	TRUE	14	Non-spore-former	k__Bacteria|p__Firmicutes|c__Bacilli|o__Lactobacillales|f__Lactobacillaceae|g__Fructilactobacillus|s__Fructilactobacillus_sanfranciscensis	Fructilactobacillus sanfranciscensis
GCF_029025825.1	TRUE	14	Non-spore-former	k__Bacteria|p__Firmicutes|c__Bacilli|o__Lactobacillales|f__Lactobacillaceae|g__Lactiplantibacillus|s__Lactiplantibacillus_paraplantarum	Lactiplantibacillus paraplantarum
GCF_029224645.1	TRUE	20	Non-spore-former	k__Bacteria|p__Firmicutes|c__Clostridia|o__Eubacteriales|f__Eubacteriales_Family_XIII_Incertae_Sedis|g__Mogibacterium|s__Mogibacterium_kristiansenii	Mogibacterium kristiansenii
GCF_029675045.1	TRUE	19	Non-spore-former	k__Bacteria|p__Bacillota|c__Erysipelotrichia|o__Erysipelotrichales|f__Coprobacillaceae|g__Catenibacterium|s__Catenibacterium_tridentinum	Catenibacterium tridentinum
GCF_029675045.1	TRUE	19	Non-spore-former	k__Bacteria|p__Firmicutes|c__Erysipelotrichia|o__Erysipelotrichales|f__Coprobacillaceae|g__Catenibacterium|s__Catenibacterium_mitsuokai	Catenibacterium mitsuokai
GCF_029961225.1	TRUE	14	Non-spore-former	k__Bacteria|p__Firmicutes|c__Bacilli|o__Lactobacillales|f__Lactobacillaceae|g__Limosilactobacillus|s__Limosilactobacillus_fermentum	Limosilactobacillus fermentum
GCF_030127605.1	TRUE	20	Non-spore-former	k__Bacteria|p__Firmicutes|c__Bacilli|o__Lactobacillales|f__Lactobacillaceae|g__Dellaglioa|s__Dellaglioa_algida	Dellaglioa algida
GCF_030296935.1	TRUE	17	Non-spore-former	k__Bacteria|p__Bacteroidota|c__Bacteroidia|o__Bacteroidales|f__Barnesiellaceae|g__Coprobacter|s__Coprobacter_fastidiosus	Coprobacter fastidiosus
GCF_030408675.1	TRUE	15	Non-spore-former	k__Bacteria|p__Actinobacteria|c__Actinomycetia|o__Corynebacteriales|f__Corynebacteriaceae|g__Corynebacterium|s__Corynebacterium_durum	Corynebacterium durum
GCF_030864025.1	TRUE	42	Spore-former	k__Bacteria|p__Firmicutes|c__Clostridia|o__Eubacteriales|f__Lachnospiraceae|g__Anaerostipes|s__Anaerostipes_hadrus	Anaerostipes hadrus
GCF_031172035.1	TRUE	12	Non-spore-former	k__Bacteria|p__Bacteroidota|c__Bacteroidia|o__Bacteroidales|f__Bacteroidaceae|g__Bacteroides|s__Bacteroides_salyersiae	Bacteroides salyersiae
GCF_031191545.1	TRUE	16	Non-spore-former	k__Bacteria|p__Actinobacteria|c__Actinomycetia|o__Actinomycetales|f__Actinomycetaceae|g__Schaalia|s__Schaalia_odontolytica	Schaalia odontolytica
GCF_031202285.1	TRUE	60	Spore-former	k__Bacteria|p__Firmicutes|c__Clostridia|o__Eubacteriales|f__Peptostreptococcaceae|g__Terrisporobacter|s__Terrisporobacter_mayombei	Terrisporobacter mayombei
GCF_031929985.1	TRUE	24	Non-spore-former	k__Bacteria|p__Firmicutes|c__Bacilli|o__Lactobacillales|f__Enterococcaceae|g__Enterococcus|s__Enterococcus_devriesei	Enterococcus devriesei
GCF_032878895.1	TRUE	18	Non-spore-former	k__Bacteria|p__Bacteroidota|c__Bacteroidia|o__Bacteroidales|f__Odoribacteraceae|g__Butyricimonas|s__Butyricimonas_faecihominis	Butyricimonas faecihominis
GCF_032878955.1	TRUE	18	Non-spore-former	k__Bacteria|p__Bacteroidota|c__Bacteroidia|o__Bacteroidales|f__Odoribacteraceae|g__Butyricimonas|s__Butyricimonas_paravirosa	Butyricimonas paravirosa
GCF_033096465.1	TRUE	39	Spore-former	k__Bacteria|p__Firmicutes|c__Clostridia|o__Eubacteriales|f__Lachnospiraceae|g__Blautia|s__Blautia_luti	Blautia luti
GCF_034298135.1	TRUE	14	Non-spore-former	k__Bacteria|p__Firmicutes|c__Bacilli|o__Lactobacillales|f__Lactobacillaceae|g__Lactobacillus|s__Lactobacillus_acidophilus	Lactobacillus acidophilus
GCF_034356035.1	TRUE	44	Spore-former	k__Bacteria|p__Firmicutes|c__Clostridia|o__Eubacteriales|f__Lachnospiraceae|g__Blautia|s__Blautia_hydrogenotrophica	Blautia hydrogenotrophica
GCF_034479305.1	TRUE	43	Spore-former	k__Bacteria|p__Firmicutes|c__Bacilli|o__Bacillales|f__Bacillaceae|g__Alkalihalobacillus|s__Alkalihalobacillus_clausii	Alkalihalobacillus clausii
GCF_036321785.1	TRUE	47	Spore-former	k__Bacteria|p__Firmicutes|c__Clostridia|o__Eubacteriales|f__Oscillospiraceae|g__Dysosmobacter|s__Dysosmobacter_welbionis	Dysosmobacter welbionis
GCF_036323475.1	TRUE	20	Non-spore-former	k__Bacteria|p__Firmicutes|c__Erysipelotrichia|o__Erysipelotrichales|f__Erysipelotrichaceae|g__Solobacterium|s__Solobacterium_moorei	Solobacterium moorei
GCF_038439875.1	TRUE	45	Spore-former	k__Bacteria|p__Firmicutes|c__Clostridia|o__Eubacteriales|f__Oscillospiraceae|g__Pseudoflavonifractor|s__Pseudoflavonifractor_phocaeensis	Pseudoflavonifractor phocaeensis
GCF_039521505.1	TRUE	53	Spore-former	k__Bacteria|p__Firmicutes|c__Clostridia|o__Eubacteriales|f__Clostridiaceae|g__Clostridium|s__Clostridium_tertium	Clostridium tertium
GCF_039521565.1	TRUE	56	Spore-former	k__Bacteria|p__Firmicutes|c__Clostridia|o__Eubacteriales|f__Peptostreptococcaceae|g__Paeniclostridium|s__Eubacterium_tenue	Eubacterium tenue
GCF_040093675.1	TRUE	40	Spore-former	k__Bacteria|p__Firmicutes|c__Clostridia|o__Eubacteriales|f__Oscillospiraceae|g__Agathobaculum|s__Agathobaculum_butyriciproducens	Agathobaculum butyriciproducens
GCF_040095255.1	TRUE	14	Non-spore-former	k__Bacteria|p__Bacteroidota|c__Bacteroidia|o__Bacteroidales|f__Prevotellaceae|g__Segatella|s__Segatella_sinensis	Segatella sinensis
GCF_040096575.1	TRUE	34	Spore-former	k__Bacteria|p__Firmicutes|c__Clostridia|o__Eubacteriales|f__Oscillospiraceae|g__Faecalibacterium|s__Faecalibacterium_sp_CLA_AA_H233	Faecalibacterium sp CLA AA H233
GCF_040545455.1	TRUE	51	Spore-former	k__Bacteria|p__Firmicutes|c__Clostridia|o__Eubacteriales|f__Lachnospiraceae|g__Enterocloster|s__Enterocloster_citroniae	Enterocloster citroniae
GCF_041331195.1	TRUE	39	Spore-former	k__Bacteria|p__Firmicutes|c__Clostridia|o__Eubacteriales|f__Oscillospiraceae|g__Ruminococcus|s__Ruminococcus_callidus	Ruminococcus callidus
GCF_042137965.1	TRUE	19	Non-spore-former	k__Bacteria|p__Proteobacteria|c__Gammaproteobacteria|o__Enterobacterales|f__Enterobacteriaceae|g__Klebsiella|s__Klebsiella_grimontii	Klebsiella grimontii
GCF_042675805.1	TRUE	14	Non-spore-former	k__Bacteria|p__Actinobacteria|c__Actinomycetia|o__Bifidobacteriales|f__Bifidobacteriaceae|g__Scardovia|s__Scardovia_wiggsiae	Scardovia wiggsiae
GCF_042846195.1	TRUE	43	Spore-former	k__Bacteria|p__Firmicutes|c__Clostridia|o__Eubacteriales|f__Lachnospiraceae|g__Faecalimonas|s__Faecalimonas_umbilicata	Faecalimonas umbilicata
GCF_042849935.1	TRUE	46	Spore-former	k__Bacteria|p__Firmicutes|c__Clostridia|o__Eubacteriales|f__Lachnospiraceae|g__Enterocloster|s__Enterocloster_aldenensis	Enterocloster aldenensis
GCF_042850985.1	TRUE	32	Non-spore-former	k__Bacteria|p__Firmicutes|c__Erysipelotrichia|o__Erysipelotrichales|f__Erysipelotrichaceae|g__Massilimicrobiota|s__Massilimicrobiota_timonensis	Massilimicrobiota timonensis
GCF_042852765.1	TRUE	40	Spore-former	k__Bacteria|p__Firmicutes|c__Clostridia|o__Eubacteriales|f__Lachnospiraceae|g__Mediterraneibacter|s__Mediterraneibacter_glycyrrhizinilyticus	Mediterraneibacter glycyrrhizinilyticus
GCF_042855405.1	TRUE	16	Non-spore-former	k__Bacteria|p__Actinobacteria|c__Coriobacteriia|o__Eggerthellales|f__Eggerthellaceae|g__Gordonibacter|s__Gordonibacter_urolithinfaciens	Gordonibacter urolithinfaciens
GCF_044361425.1	TRUE	11	Non-spore-former	k__Bacteria|p__Bacteroidota|c__Bacteroidia|o__Bacteroidales|f__Bacteroidaceae|g__Bacteroides|s__Bacteroides_uniformis	Bacteroides uniformis
GCF_044591705.1	TRUE	37	Spore-former	k__Bacteria|p__Firmicutes|c__Clostridia|o__Eubacteriales|f__Lachnospiraceae|g__Mediterraneibacter|s__Ruminococcus_torques	Ruminococcus torques
GCF_045002895.1	TRUE	41	Spore-former	k__Bacteria|p__Firmicutes|c__Clostridia|o__Eubacteriales|f__Eubacteriaceae|g__Eubacterium|s__Eubacterium_ramulus	Eubacterium ramulus
GCF_045061075.1	TRUE	42	Spore-former	k__Bacteria|p__Firmicutes|c__Clostridia|o__Eubacteriales|f__Lachnospiraceae|g__Sellimonas|s__Sellimonas_intestinalis	Sellimonas intestinalis
GCF_045866535.1	TRUE	18	Non-spore-former	k__Bacteria|p__Firmicutes|c__Tissierellia|o__Tissierellales|f__Peptoniphilaceae|g__Parvimonas|s__Parvimonas_parva	Parvimonas parva
GCF_046109915.1	TRUE	15	Non-spore-former	k__Bacteria|p__Firmicutes|c__Bacilli|o__Lactobacillales|f__Lactobacillaceae|g__Lactobacillus|s__Lactobacillus_helveticus	Lactobacillus helveticus
GCF_050048615.1	TRUE	42	Spore-former	k__Bacteria|p__Firmicutes|c__Clostridia|o__Eubacteriales|f__Lachnospiraceae|g__Mediterraneibacter|s__Mediterraneibacter_faecis	Mediterraneibacter faecis
GCF_051861785.1	TRUE	35	Spore-former	k__Bacteria|p__Firmicutes|c__Clostridia|o__Eubacteriales|f__Lachnospiraceae|g__Blautia|s__Blautia_massiliensis	Blautia massiliensis
GCF_900074625.1	TRUE	58	Spore-former	k__Bacteria|p__Firmicutes|c__Clostridia|o__Eubacteriales|f__Peptostreptococcaceae|g__Romboutsia|s__Romboutsia_hominis	Romboutsia hominis
GCF_900078395.1	TRUE	49	Spore-former	k__Bacteria|p__Firmicutes|c__Clostridia|o__Eubacteriales|f__Oscillospiraceae|g__Anaerotruncus|s__Anaerotruncus_rubiinfantis	Anaerotruncus rubiinfantis
GCF_900079775.1	TRUE	14	Non-spore-former	k__Bacteria|p__Bacteroidota|c__Bacteroidia|o__Bacteroidales|f__Prevotellaceae|g__Prevotella|s__Prevotella_lascolaii	Prevotella lascolaii
GCF_900087015.1	TRUE	25	Non-spore-former	k__Bacteria|p__Firmicutes|c__Clostridia|o__Eubacteriales|f__Christensenellaceae|g__Christensenella|s__Christensenella_timonensis	Christensenella timonensis
GCF_900087655.1	TRUE	16	Non-spore-former	k__Bacteria|p__Actinobacteria|c__Actinomycetia|o__Propionibacteriales|f__Propionibacteriaceae|g__Propionibacterium|s__Propionibacterium_freudenreichii	Propionibacterium freudenreichii
GCF_900095825.1	TRUE	20	Non-spore-former	k__Bacteria|p__Firmicutes|c__Negativicutes|o__Acidaminococcales|f__Acidaminococcaceae|g__Acidaminococcus|s__Acidaminococcus_massiliensis	Acidaminococcus massiliensis
GCF_900095865.1	TRUE	49	Spore-former	k__Bacteria|p__Firmicutes|c__Clostridia|o__Eubacteriales|f__Clostridiaceae|g__Massilioclostridium|s__Massilioclostridium_coli	Massilioclostridium coli
GCF_900103425.1	TRUE	22	Non-spore-former	k__Bacteria|p__Firmicutes|c__Negativicutes|o__Veillonellales|f__Veillonellaceae|g__Allisonella|s__Allisonella_histaminiformans	Allisonella histaminiformans
GCF_900103815.1	TRUE	23	Non-spore-former	k__Bacteria|p__Firmicutes|c__Clostridia|o__Eubacteriales|f__Lachnospiraceae|g__Lachnospira|s__Lachnospira_pectinoschiza	Lachnospira pectinoschiza
GCF_900104665.1	TRUE	36	Spore-former	k__Bacteria|p__Firmicutes|c__Erysipelotrichia|o__Erysipelotrichales|f__Erysipelotrichaceae|g__Traorella|s__Traorella_massiliensis	Traorella massiliensis
GCF_900104675.1	TRUE	42	Spore-former	k__Bacteria|p__Firmicutes|c__Clostridia|o__Eubacteriales|f__Oscillospiraceae|g__Angelakisella|s__Angelakisella_massiliensis	Angelakisella massiliensis
GCF_900106785.1	TRUE	15	Non-spore-former	k__Bacteria|p__Bacteroidota|c__Bacteroidia|o__Bacteroidales|f__Prevotellaceae|g__Prevotellamassilia|s__Prevotellamassilia_timonensis	Prevotellamassilia timonensis
GCF_900106845.1	TRUE	57	Spore-former	k__Bacteria|p__Firmicutes|c__Clostridia|o__Eubacteriales|f__Peptostreptococcaceae|g__Romboutsia|s__Romboutsia_timonensis	Romboutsia timonensis
GCF_900115635.1	TRUE	41	Spore-former	k__Bacteria|p__Firmicutes|c__Clostridia|o__Eubacteriales|f__Oscillospiraceae|g__Oscillibacter|s__Oscillibacter_sp_PC13	Oscillibacter sp PC13
GCF_900120155.1	TRUE	38	Spore-former	k__Bacteria|p__Firmicutes|c__Clostridia|o__Eubacteriales|f__Clostridiaceae|g__Clostridium|s__Clostridium_sp_Marseille_P3244	Clostridium sp Marseille P3244
GCF_900128455.1	TRUE	15	Non-spore-former	k__Bacteria|p__Bacteroidota|c__Bacteroidia|o__Bacteroidales|f__Bacteroidaceae|g__Bacteroides|s__Bacteroides_mediterraneensis	Bacteroides mediterraneensis
GCF_900129135.1	TRUE	49	Spore-former	k__Bacteria|p__Firmicutes|c__Clostridia|o__Eubacteriales|f__Clostridiaceae|g__Lactonifactor|s__Lactonifactor_longoviformis	Lactonifactor longoviformis
GCF_900130125.1	TRUE	15	Non-spore-former	k__Bacteria|p__Bacteroidota|c__Bacteroidia|o__Bacteroidales|f__Bacteroidaceae|g__Bacteroides|s__Bacteroides_congonensis	Bacteroides congonensis
GCF_900141865.1	TRUE	23	Non-spore-former	k__Bacteria|p__Firmicutes|c__Negativicutes|o__Selenomonadales|f__Selenomonadaceae|g__Anaerovibrio|s__Anaerovibrio_lipolyticus	Anaerovibrio lipolyticus
GCF_900148495.1	TRUE	46	Spore-former	k__Bacteria|p__Firmicutes|c__Firmicutes_unclassified|o__Firmicutes_unclassified|f__Firmicutes_unclassified|g__Negativibacillus|s__Negativibacillus_massiliensis	Negativibacillus massiliensis
GCF_900155365.1	TRUE	15	Non-spore-former	k__Bacteria|p__Actinobacteria|c__Coriobacteriia|o__Coriobacteriales|f__Coriobacteriaceae|g__Collinsella|s__Collinsella_bouchesdurhonensis	Collinsella bouchesdurhonensis
GCF_900155395.1	TRUE	33	Spore-former	k__Bacteria|p__Firmicutes|c__Erysipelotrichia|o__Erysipelotrichales|f__Erysipelotrichaceae|g__Merdibacter|s__Merdibacter_massiliensis	Merdibacter massiliensis
GCF_900155615.1	TRUE	45	Spore-former	k__Bacteria|p__Firmicutes|c__Clostridia|o__Eubacteriales|f__Oscillospiraceae|g__Massiliimalia|s__Massiliimalia_massiliensis	Massiliimalia massiliensis
GCF_900155865.1	TRUE	16	Non-spore-former	k__Bacteria|p__Bacteroidota|c__Bacteroidia|o__Bacteroidales|f__Bacteroidaceae|g__Bacteroides|s__Bacteroides_bouchesdurhonensis	Bacteroides bouchesdurhonensis
GCF_900167555.1	TRUE	30	Non-spore-former	k__Bacteria|p__Firmicutes|c__Clostridia|o__Eubacteriales|f__Eubacteriales_unclassified|g__Gemmiger|s__Gemmiger_formicilis	Gemmiger formicilis
GCF_900169495.1	TRUE	43	Spore-former	k__Bacteria|p__Firmicutes|c__Clostridia|o__Eubacteriales|f__Oscillospiraceae|g__Provencibacterium|s__Provencibacterium_massiliense	Provencibacterium massiliense
GCF_900186585.1	TRUE	46	Spore-former	k__Bacteria|p__Firmicutes|c__Clostridia|o__Eubacteriales|f__Oscillospiraceae|g__Massiliimalia|s__Massiliimalia_timonensis	Massiliimalia timonensis
GCF_900186885.1	TRUE	22	Non-spore-former	k__Bacteria|p__Firmicutes|c__Negativicutes|o__Veillonellales|f__Veillonellaceae|g__Veillonella|s__Veillonella_parvula	Veillonella parvula
GCF_900186995.1	TRUE	15	Non-spore-former	k__Bacteria|p__Proteobacteria|c__Gammaproteobacteria|o__Pasteurellales|f__Pasteurellaceae|g__Haemophilus|s__Haemophilus_pittmaniae	Haemophilus pittmaniae
GCF_900187175.1	TRUE	18	Non-spore-former	k__Bacteria|p__Bacteroidota|c__Bacteroidia|o__Bacteroidales|f__Odoribacteraceae|g__Odoribacter|s__Odoribacter_splanchnicus	Odoribacter splanchnicus
GCF_900199515.1	TRUE	32	Non-spore-former	k__Bacteria|p__Firmicutes|c__Erysipelotrichia|o__Erysipelotrichales|f__Erysipelotrichaceae|g__Massilicoli|s__Massilicoli_timonensis	Massilicoli timonensis
GCF_900199545.1	TRUE	15	Non-spore-former	k__Bacteria|p__Actinobacteria|c__Coriobacteriia|o__Eggerthellales|f__Eggerthellaceae|g__Raoultibacter|s__Raoultibacter_massiliensis	Raoultibacter massiliensis
GCF_900240245.1	TRUE	41	Spore-former	k__Bacteria|p__Firmicutes|c__Clostridia|o__Eubacteriales|f__Lachnospiraceae|g__Lachnoclostridium|s__Lachnoclostridium_edouardi	Lachnoclostridium edouardi
GCF_900258455.1	TRUE	18	Non-spore-former	k__Bacteria|p__Firmicutes|c__Bacilli|o__Lactobacillales|f__Lactobacillaceae|g__Latilactobacillus|s__Latilactobacillus_fuchuensis	Latilactobacillus fuchuensis
GCF_900258535.1	TRUE	46	Spore-former	k__Bacteria|p__Firmicutes|c__Clostridia|o__Eubacteriales|f__Lachnospiraceae|g__Blautia|s__Blautia_marasmi	Blautia marasmi
GCF_900291955.1	TRUE	44	Spore-former	k__Bacteria|p__Firmicutes|c__Clostridia|o__Eubacteriales|f__Oscillospiraceae|g__Pseudoruminococcus|s__Pseudoruminococcus_massiliensis	Pseudoruminococcus massiliensis
GCF_900445495.1	TRUE	14	Non-spore-former	k__Bacteria|p__Bacteroidota|c__Bacteroidia|o__Bacteroidales|f__Tannerellaceae|g__Parabacteroides|s__Parabacteroides_merdae	Parabacteroides merdae
GCF_900446755.1	TRUE	21	Non-spore-former	k__Bacteria|p__Firmicutes|c__Bacilli|o__Lactobacillales|f__Carnobacteriaceae|g__Carnobacterium|s__Carnobacterium_divergens	Carnobacterium divergens
GCF_900451065.1	TRUE	17	Non-spore-former	k__Bacteria|p__Proteobacteria|c__Gammaproteobacteria|o__Pasteurellales|f__Pasteurellaceae|g__Haemophilus|s__Haemophilus_paraphrohaemolyticus	Haemophilus paraphrohaemolyticus
GCF_900454715.1	TRUE	20	Non-spore-former	k__Bacteria|p__Firmicutes|c__Tissierellia|o__Tissierellales|f__Peptoniphilaceae|g__Peptoniphilus|s__Peptoniphilus_lacrimalis	Peptoniphilus lacrimalis
GCF_900454955.1	TRUE	15	Non-spore-former	k__Bacteria|p__Bacteroidota|c__Bacteroidia|o__Bacteroidales|f__Prevotellaceae|g__Prevotella|s__Prevotella_disiens	Prevotella disiens
GCF_900456775.1	TRUE	48	Spore-former	k__Bacteria|p__Firmicutes|c__Clostridia|o__Eubacteriales|f__Clostridiaceae|g__Sarcina|s__Sarcina_ventriculi	Sarcina ventriculi
GCF_900465025.1	TRUE	51	Spore-former	k__Bacteria|p__Firmicutes|c__Clostridia|o__Eubacteriales|f__Clostridiaceae|g__Clostridium|s__Clostridium_neonatale	Clostridium neonatale
GCF_900475025.1	TRUE	17	Non-spore-former	k__Bacteria|p__Firmicutes|c__Bacilli|o__Lactobacillales|f__Streptococcaceae|g__Streptococcus|s__Streptococcus_ferus	Streptococcus ferus
GCF_900475445.1	TRUE	18	Non-spore-former	k__Bacteria|p__Firmicutes|c__Bacilli|o__Lactobacillales|f__Streptococcaceae|g__Streptococcus|s__Streptococcus_cristatus	Streptococcus cristatus
GCF_900475505.1	TRUE	16	Non-spore-former	k__Bacteria|p__Firmicutes|c__Bacilli|o__Lactobacillales|f__Streptococcaceae|g__Streptococcus|s__Streptococcus_sanguinis	Streptococcus sanguinis
GCF_900475975.1	TRUE	15	Non-spore-former	k__Bacteria|p__Firmicutes|c__Bacilli|o__Lactobacillales|f__Streptococcaceae|g__Streptococcus|s__Streptococcus_intermedius	Streptococcus intermedius
GCF_900476045.1	TRUE	16	Non-spore-former	k__Bacteria|p__Firmicutes|c__Bacilli|o__Bacillales|f__Bacillales_unclassified|g__Gemella|s__Gemella_morbillorum	Gemella morbillorum
GCF_900476055.1	TRUE	19	Non-spore-former	k__Bacteria|p__Firmicutes|c__Bacilli|o__Lactobacillales|f__Streptococcaceae|g__Streptococcus|s__Streptococcus_australis	Streptococcus australis
GCF_900537995.1	TRUE	44	Spore-former	k__Bacteria|p__Firmicutes|c__Clostridia|o__Eubacteriales|f__Lachnospiraceae|g__Roseburia|s__Roseburia_intestinalis	Roseburia intestinalis
GCF_900566185.1	TRUE	28	Non-spore-former	k__Bacteria|p__Firmicutes|c__Clostridia|o__Eubacteriales|f__Lachnospiraceae|g__Enterocloster|s__Enterocloster_hominis	Enterocloster hominis
GCF_900604335.1	TRUE	42	Spore-former	k__Bacteria|p__Firmicutes|c__Clostridia|o__Eubacteriales|f__Eubacteriaceae|g__Intestinibacillus|s__Intestinibacillus_sp_Marseille_P6563	Intestinibacillus sp Marseille P6563
GCF_900624755.1	TRUE	11	Non-spore-former	k__Bacteria|p__Bacteroidota|c__Bacteroidia|o__Bacteroidales|f__Rikenellaceae|g__Alistipes|s__Alistipes_senegalensis	Alistipes senegalensis
GCF_900636445.1	TRUE	17	Non-spore-former	k__Bacteria|p__Firmicutes|c__Bacilli|o__Lactobacillales|f__Streptococcaceae|g__Streptococcus|s__Streptococcus_vestibularis	Streptococcus vestibularis
GCF_900636475.1	TRUE	17	Non-spore-former	k__Bacteria|p__Firmicutes|c__Bacilli|o__Lactobacillales|f__Streptococcaceae|g__Streptococcus|s__Streptococcus_anginosus	Streptococcus anginosus
GCF_900636985.1	TRUE	20	Non-spore-former	k__Bacteria|p__Proteobacteria|c__Gammaproteobacteria|o__Enterobacterales|f__Enterobacteriaceae|g__Klebsiella|s__Klebsiella_oxytoca	Klebsiella oxytoca
GCF_900637025.1	TRUE	18	Non-spore-former	k__Bacteria|p__Firmicutes|c__Bacilli|o__Lactobacillales|f__Streptococcaceae|g__Streptococcus|s__Streptococcus_oralis	Streptococcus oralis
GCF_900637515.1	TRUE	22	Non-spore-former	k__Bacteria|p__Firmicutes|c__Negativicutes|o__Veillonellales|f__Veillonellaceae|g__Veillonella|s__Veillonella_dispar	Veillonella dispar
GCF_900637905.1	TRUE	20	Non-spore-former	k__Bacteria|p__Firmicutes|c__Tissierellia|o__Tissierellales|f__Peptoniphilaceae|g__Parvimonas|s__Parvimonas_micra	Parvimonas micra
GCF_902164725.1	TRUE	19	Non-spore-former	k__Bacteria|p__Proteobacteria|c__Gammaproteobacteria|o__Enterobacterales|f__Enterobacteriaceae|g__Pseudescherichia|s__Pseudescherichia_vulneris	Pseudescherichia vulneris
GCF_902375065.1	TRUE	21	Non-spore-former	k__Bacteria|p__Firmicutes|c__Negativicutes|o__Veillonellales|f__Veillonellaceae|g__Veillonella|s__Veillonella_atypica	Veillonella atypica
GCF_903645315.1	TRUE	18	Non-spore-former	k__Bacteria|p__Lentisphaerae|c__Lentisphaeria|o__Victivallales|f__Victivallaceae|g__Victivallis|s__Victivallis_sp_Marseille_Q1083	Victivallis sp Marseille Q1083
GCF_903886475.1	TRUE	20	Non-spore-former	k__Bacteria|p__Firmicutes|c__Bacilli|o__Lactobacillales|f__Streptococcaceae|g__Streptococcus|s__Streptococcus_thermophilus	Streptococcus thermophilus
GCF_904859905.1	TRUE	21	Non-spore-former	k__Bacteria|p__Proteobacteria|c__Gammaproteobacteria|o__Enterobacterales|f__Enterobacteriaceae|g__Citrobacter|s__Citrobacter_freundii	Citrobacter freundii
GCF_928721695.1	TRUE	21	Non-spore-former	k__Bacteria|p__Firmicutes|c__Negativicutes|o__Veillonellales|f__Veillonellaceae|g__Dialister|s__Dialister_succinatiphilus	Dialister succinatiphilus
GCF_928721995.1	TRUE	15	Non-spore-former	k__Bacteria|p__Proteobacteria|c__Betaproteobacteria|o__Burkholderiales|f__Sutterellaceae|g__Duodenibacillus|s__Duodenibacillus_massiliensis	Duodenibacillus massiliensis
GCF_928722185.1	TRUE	26	Non-spore-former	k__Bacteria|p__Firmicutes|c__Negativicutes|o__Selenomonadales|f__Selenomonadaceae|g__Mitsuokella|s__Mitsuokella_jalaludinii	Mitsuokella jalaludinii
GCF_937907355.1	TRUE	17	Non-spore-former	k__Bacteria|p__Proteobacteria|c__Deltaproteobacteria|o__Desulfovibrionales|f__Desulfovibrionaceae|g__Desulfovibrio|s__Desulfovibrio_piger	Desulfovibrio piger
GCF_937990845.1	TRUE	45	Spore-former	k__Bacteria|p__Firmicutes|c__Clostridia|o__Eubacteriales|f__Lachnospiraceae|g__Lachnoclostridium|s__Lachnoclostridium_phocaeense	Lachnoclostridium phocaeense
GCF_963540955.1	TRUE	15	Non-spore-former	k__Bacteria|p__Actinobacteria|c__Actinomycetia|o__Actinomycetales|f__Actinomycetaceae|g__Actinomyces|s__Actinomyces_bouchesdurhonensis	Actinomyces bouchesdurhonensis
GCF_963929405.1	TRUE	15	Non-spore-former	k__Bacteria|p__Actinobacteria|c__Coriobacteriia|o__Eggerthellales|f__Eggerthellaceae|g__Enteroscipio|s__Enteroscipio_rubneri	Enteroscipio rubneri
GCF_963929565.1	TRUE	46	Spore-former	k__Bacteria|p__Firmicutes|c__Clostridia|o__Eubacteriales|f__Eubacteriales_unclassified|g__Massilistercora|s__Massilistercora_timonensis	Massilistercora timonensis
GCF_964241245.1	TRUE	37	Spore-former	k__Bacteria|p__Firmicutes|c__Clostridia|o__Eubacteriales|f__Oscillospiraceae|g__Fournierella|s__Fournierella_massiliensis	Fournierella massiliensis
